Sol_Index,Obj_DeltaW_BGA_x,Obj_DeltaW_bump_x,Obj_ELK_stress_x,Obj_Warpage_Post_UF_cure_x,Obj_Warpage_post_lid_atach_x,NetFlow_Score,NetFlow_Rank,RadViz_X,RadViz_Y,Obj_DeltaW_BGA_y,Obj_DeltaW_bump_y,Obj_ELK_stress_y,Obj_Warpage_Post_UF_cure_y,Obj_Warpage_post_lid_atach_y,Bulk silicon thickness,Bump solder height,Cu-pillar pitch–diameter,Lid foot width,Lid thicknes,"Substrate core (E, CTE)",Substrate core thickness,"UF (E, CTE)",lid thickness,BGA solder material,Bump solder material,Cu-pillar bump solder material
116,0.009281991049647331,0.000768716970924288,9.345069885253906,-0.0362410806119442,0.16980943083763123,191.15000000000018,1,0.3074444486756366,0.29922474242176605,0.009281991049647331,0.000768716970924288,9.345069885253906,-0.0362410806119442,0.16980943083763123,0.25,0.06,0.125,9.0,1.0,3e-06,0.8,2e-05,1.0,SAC305,SAC405,SAC305
59,0.009281991049647331,0.000768716970924288,9.345069885253906,-0.0362410806119442,0.16980943083763123,191.15000000000018,2,0.3074444486756366,0.29922474242176605,0.009281991049647331,0.000768716970924288,9.345069885253906,-0.0362410806119442,0.16980943083763123,0.25,0.06,0.125,9.0,1.0,3e-06,0.8,2e-05,1.0,SAC305,SAC405,SAC305
22,0.006876442581415176,0.006365180015563965,9.520098686218262,-0.03487725928425789,0.1216125339269638,167.84999999999968,3,0.3379453350170932,0.20030021918059712,0.006876442581415176,0.006365180015563965,9.520098686218262,-0.03487725928425789,0.1216125339269638,0.25,0.06,0.125,6.0,2.0,3e-06,0.8,2e-05,1.0,SAC405,SAC405,SAC305
149,0.006876442581415176,0.006365180015563965,9.520098686218262,-0.03487725928425789,0.1216125339269638,167.84999999999968,4,0.3379453350170932,0.20030021918059712,0.006876442581415176,0.006365180015563965,9.520098686218262,-0.03487725928425789,0.1216125339269638,0.25,0.06,0.125,6.0,2.0,3e-06,0.8,2e-05,1.0,SAC405,SAC405,SAC305
78,0.0037568318657577038,0.027410369366407394,9.558377265930176,-0.03501364588737488,0.12750013172626495,163.2499999999997,5,0.35470627404954497,0.19525952318047887,0.0037568318657577038,0.027410369366407394,9.558377265930176,-0.03501364588737488,0.12750013172626495,0.25,0.06,0.125,6.0,1.5,3e-06,0.8,2e-05,1.0,SAC405,SAC405,SAC405
10,0.0037568318657577038,0.027410369366407394,9.558377265930176,-0.03501364588737488,0.12750013172626495,163.2499999999997,6,0.35470627404954497,0.19525952318047887,0.0037568318657577038,0.027410369366407394,9.558377265930176,-0.03501364588737488,0.12750013172626495,0.25,0.06,0.125,6.0,1.5,3e-06,0.8,2e-05,1.0,SAC405,SAC405,SAC405
86,0.008482541888952255,0.02323376014828682,9.454465866088867,-0.03705499693751335,0.0905303880572319,163.19999999999985,7,0.31354895856907966,0.13375269179730065,0.008482541888952255,0.02323376014828682,9.454465866088867,-0.03705499693751335,0.0905303880572319,0.25,0.06,0.125,9.0,1.5,3e-06,0.8,2e-05,1.0,SAC305,SAC405,SAC405
76,0.024101655930280685,0.019132964313030243,4.8943047523498535,-0.021091403439641,0.2107924371957779,139.79999999999936,8,0.01758160993257648,0.5640874370403283,0.024101655930280685,0.019132964313030243,4.8943047523498535,-0.021091403439641,0.2107924371957779,0.5,0.06,0.125,9.0,1.0,3e-06,1.2,2e-05,1.0,SAC305,SAC105,SAC405
6,0.026117855682969093,0.0,4.8943047523498535,-0.021091403439641,0.2107924371957779,138.9499999999994,9,0.006456984949077186,0.577727722822538,0.026117855682969093,0.0,4.8943047523498535,-0.021091403439641,0.2107924371957779,0.5,0.06,0.125,9.0,1.0,3e-06,1.2,2e-05,1.0,SAC305,SAC105,SAC205
4,0.026117855682969093,0.0,4.8943047523498535,-0.021091403439641,0.2107924371957779,138.9499999999994,10,0.006456984949077186,0.577727722822538,0.026117855682969093,0.0,4.8943047523498535,-0.021091403439641,0.2107924371957779,0.5,0.06,0.125,9.0,1.0,3e-06,1.2,2e-05,1.0,SAC305,SAC105,SAC205
21,0.0133739672601223,0.06770724058151245,8.216014862060547,-0.07165179401636124,0.16707563400268555,133.30000000000067,11,0.04366492382930493,0.14999975897127865,0.0133739672601223,0.06770724058151245,8.216014862060547,-0.07165179401636124,0.16707563400268555,0.25,0.06,0.125,9.0,1.0,3e-06,0.4,2e-05,1.0,SAC305,SAC405,SAC305
156,0.0133739672601223,0.06770724058151245,8.216014862060547,-0.07165179401636124,0.16707563400268555,133.30000000000067,12,0.04366492382930493,0.14999975897127865,0.0133739672601223,0.06770724058151245,8.216014862060547,-0.07165179401636124,0.16707563400268555,0.25,0.06,0.125,9.0,1.0,3e-06,0.4,2e-05,1.0,SAC305,SAC405,SAC305
46,0.026117855682969093,0.0,8.266768455505371,-0.02235642820596695,0.020864510908722878,127.69999999999993,13,0.23929410654190666,0.12765958218704115,0.026117855682969093,0.0,8.266768455505371,-0.02235642820596695,0.020864510908722878,0.5,0.06,0.125,9.0,2.0,3e-06,1.2,2e-05,1.0,SAC305,SAC305,SAC205
29,0.026117855682969093,0.0,8.266768455505371,-0.02235642820596695,0.020864510908722878,127.69999999999993,14,0.23929410654190666,0.12765958218704115,0.026117855682969093,0.0,8.266768455505371,-0.02235642820596695,0.020864510908722878,0.5,0.06,0.125,9.0,2.0,3e-06,1.2,2e-05,1.0,SAC305,SAC305,SAC205
385,0.025245368480682373,0.1482159048318863,8.35700511932373,-0.03566204383969307,-0.023794598877429962,125.79999999999981,15,0.1817758223796583,-0.06107615505656404,0.025245368480682373,0.1482159048318863,8.35700511932373,-0.03566204383969307,-0.023794598877429962,0.75,0.06,0.125,9.0,2.0,9e-06,1.2,2e-05,1.0,SAC305,SAC405,SAC205
2,0.025245368480682373,0.1482159048318863,8.35700511932373,-0.03566204383969307,-0.023794598877429962,125.79999999999981,16,0.1817758223796583,-0.06107615505656404,0.025245368480682373,0.1482159048318863,8.35700511932373,-0.03566204383969307,-0.023794598877429962,0.75,0.06,0.125,9.0,2.0,9e-06,1.2,2e-05,1.0,SAC305,SAC405,SAC205
237,0.009281991049647331,0.000768716970924288,9.44763469696045,-0.03691861033439636,0.058209653943777084,124.79999999999984,17,0.3101218604447079,0.09542758280041048,0.009281991049647331,0.000768716970924288,9.44763469696045,-0.03691861033439636,0.058209653943777084,0.25,0.06,0.125,9.0,2.0,3e-06,0.8,2e-05,1.0,SAC305,SAC405,SAC305
254,0.009281991049647331,0.000768716970924288,9.44763469696045,-0.03691861033439636,0.058209653943777084,124.79999999999984,18,0.3101218604447079,0.09542758280041048,0.009281991049647331,0.000768716970924288,9.44763469696045,-0.03691861033439636,0.058209653943777084,0.25,0.06,0.125,9.0,2.0,3e-06,0.8,2e-05,1.0,SAC305,SAC405,SAC305
366,0.013745160773396492,0.0773547813296318,8.925646781921387,-0.07400872558355331,0.08585776388645172,115.3000000000003,19,0.08885141612846142,0.006367769935530626,0.013745160773396492,0.0773547813296318,8.925646781921387,-0.07400872558355331,0.08585776388645172,0.25,0.04,0.125,6.0,2.0,3e-06,0.4,2e-05,1.0,SAC305,SAC405,SAC405
194,0.0133739672601223,0.06770724058151245,8.281486511230469,-0.07218889892101288,0.10554381459951401,114.60000000000059,20,0.06578617786450759,0.05812597298643249,0.0133739672601223,0.06770724058151245,8.281486511230469,-0.07218889892101288,0.10554381459951401,0.25,0.06,0.125,9.0,1.5,3e-06,0.4,2e-05,1.0,SAC305,SAC405,SAC305
114,0.0133739672601223,0.06770724058151245,8.281486511230469,-0.07218889892101288,0.10554381459951401,114.60000000000059,21,0.06578617786450759,0.05812597298643249,0.0133739672601223,0.06770724058151245,8.281486511230469,-0.07218889892101288,0.10554381459951401,0.25,0.06,0.125,9.0,1.5,3e-06,0.4,2e-05,1.0,SAC305,SAC405,SAC305
146,0.01664988324046135,0.05499804764986038,8.999914169311523,-0.07503646612167358,0.07925565540790558,114.40000000000009,22,0.0772715805830254,0.004669564220508441,0.01664988324046135,0.05499804764986038,8.999914169311523,-0.07503646612167358,0.07925565540790558,0.25,0.04,0.125,9.0,1.5,3e-06,0.4,2e-05,1.0,SAC305,SAC405,SAC405
90,0.01664988324046135,0.05499804764986038,8.999914169311523,-0.07503646612167358,0.07925565540790558,114.40000000000009,23,0.0772715805830254,0.004669564220508441,0.01664988324046135,0.05499804764986038,8.999914169311523,-0.07503646612167358,0.07925565540790558,0.25,0.04,0.125,9.0,1.5,3e-06,0.4,2e-05,1.0,SAC305,SAC405,SAC405
101,0.009997955523431301,0.029309209436178207,8.638076782226562,-0.04299655184149742,0.06168607994914055,112.85000000000014,24,0.23246227161246544,0.08882124695637593,0.009997955523431301,0.029309209436178207,8.638076782226562,-0.04299655184149742,0.06168607994914055,0.25,0.06,0.125,3.0,2.0,6e-06,0.8,2e-05,1.0,SAC205,SAC405,SAC305
223,0.009997955523431301,0.029309209436178207,8.638076782226562,-0.04299655184149742,0.06168607994914055,112.85000000000014,25,0.23246227161246544,0.08882124695637593,0.009997955523431301,0.029309209436178207,8.638076782226562,-0.04299655184149742,0.06168607994914055,0.25,0.06,0.125,3.0,2.0,6e-06,0.8,2e-05,1.0,SAC205,SAC405,SAC305
416,0.014963988214731216,0.3542046546936035,7.865195274353027,-0.0823226049542427,0.028256142511963844,107.25,26,-0.009077509629950796,-0.1942276216355356,0.014963988214731216,0.3542046546936035,7.865195274353027,-0.0823226049542427,0.028256142511963844,0.25,0.04,0.125,3.0,2.0,9e-06,0.4,3e-05,1.5,SAC205,SAC305,SAC205
339,0.014963988214731216,0.3542046546936035,7.865195274353027,-0.0823226049542427,0.028256142511963844,107.25,27,-0.009077509629950796,-0.1942276216355356,0.014963988214731216,0.3542046546936035,7.865195274353027,-0.0823226049542427,0.028256142511963844,0.25,0.04,0.125,3.0,2.0,9e-06,0.4,3e-05,1.5,SAC205,SAC305,SAC205
137,0.0194263756275177,0.017671901732683182,4.993120193481445,-0.019340353086590767,0.09004077315330505,104.10000000000025,28,0.10543417167860433,0.30300757189955385,0.0194263756275177,0.017671901732683182,4.993120193481445,-0.019340353086590767,0.09004077315330505,0.5,0.06,0.125,6.0,1.0,3e-06,1.2,2e-05,1.0,SAC305,SAC105,SAC405
125,0.0194263756275177,0.017671901732683182,4.993120193481445,-0.019340353086590767,0.09004077315330505,104.10000000000025,29,0.10543417167860433,0.30300757189955385,0.0194263756275177,0.017671901732683182,4.993120193481445,-0.019340353086590767,0.09004077315330505,0.5,0.06,0.125,6.0,1.0,3e-06,1.2,2e-05,1.0,SAC305,SAC105,SAC405
14,0.0,0.4596497118473053,10.117753028869629,-0.08683131635189056,0.05429618060588837,103.75000000000097,30,0.13212678566935063,-0.3163093739706697,0.0,0.4596497118473053,10.117753028869629,-0.08683131635189056,0.05429618060588837,0.25,0.02,0.125,9.0,2.0,6e-06,0.4,2.5e-05,1.0,SAC405,SAC405,SAC405
123,0.0,0.4596497118473053,10.117753028869629,-0.08683131635189056,0.05429618060588837,103.75000000000097,31,0.13212678566935063,-0.3163093739706697,0.0,0.4596497118473053,10.117753028869629,-0.08683131635189056,0.05429618060588837,0.25,0.02,0.125,9.0,2.0,6e-06,0.4,2.5e-05,1.0,SAC405,SAC405,SAC405
455,0.009840906597673893,0.13156507909297943,7.8313469886779785,-0.08301971852779388,0.12353860586881638,100.09999999999985,32,0.01402303465245013,0.033320487396966754,0.009840906597673893,0.13156507909297943,7.8313469886779785,-0.08301971852779388,0.12353860586881638,0.25,0.06,0.125,6.0,1.5,6e-06,0.4,2e-05,1.0,SAC305,SAC405,SAC205
279,0.009840906597673893,0.13156507909297943,7.8313469886779785,-0.08301971852779388,0.12353860586881638,100.09999999999985,33,0.01402303465245013,0.033320487396966754,0.009840906597673893,0.13156507909297943,7.8313469886779785,-0.08301971852779388,0.12353860586881638,0.25,0.06,0.125,6.0,1.5,6e-06,0.4,2e-05,1.0,SAC305,SAC405,SAC205
7,0.0,0.31243404746055603,10.456433296203613,-0.08850128203630447,0.06996080279350281,98.60000000000048,34,0.15136431263624062,-0.21781439564621694,0.0,0.31243404746055603,10.456433296203613,-0.08850128203630447,0.06996080279350281,0.25,0.02,0.125,9.0,1.0,9e-06,0.4,2e-05,1.0,SAC405,SAC405,SAC405
49,0.0,0.31243404746055603,10.456433296203613,-0.08850128203630447,0.06996080279350281,98.60000000000048,35,0.15136431263624062,-0.21781439564621694,0.0,0.31243404746055603,10.456433296203613,-0.08850128203630447,0.06996080279350281,0.25,0.02,0.125,9.0,1.0,9e-06,0.4,2e-05,1.0,SAC405,SAC405,SAC405
219,0.01664988324046135,0.05499804764986038,9.090691566467285,-0.07449936121702194,0.059840597212314606,96.3000000000003,36,0.0887628587854556,-0.020347662819961712,0.01664988324046135,0.05499804764986038,9.090691566467285,-0.07449936121702194,0.059840597212314606,0.25,0.04,0.125,9.0,1.0,3e-06,0.4,2e-05,1.0,SAC305,SAC405,SAC405
30,0.0,0.40474972128868103,10.747848510742188,-0.05783940479159355,-0.005554224830120802,95.95000000000073,37,0.3185918801094013,-0.3243801450957294,0.0,0.40474972128868103,10.747848510742188,-0.05783940479159355,-0.005554224830120802,0.75,0.02,0.125,6.0,2.0,9e-06,0.4,2e-05,1.0,SAC405,SAC205,SAC405
44,0.0,0.40474972128868103,10.747848510742188,-0.05783940479159355,-0.005554224830120802,95.95000000000073,38,0.3185918801094013,-0.3243801450957294,0.0,0.40474972128868103,10.747848510742188,-0.05783940479159355,-0.005554224830120802,0.75,0.02,0.125,6.0,2.0,9e-06,0.4,2e-05,1.0,SAC405,SAC205,SAC405
300,0.0,0.2671440541744232,8.984796524047852,-0.08659349381923676,0.09343891590833664,94.85000000000025,39,0.09211441540033073,-0.11011811085803479,0.0,0.2671440541744232,8.984796524047852,-0.08659349381923676,0.09343891590833664,0.25,0.04,0.125,9.0,1.5,9e-06,0.4,2.5e-05,2.0,SAC305,SAC405,SAC305
93,0.00014735937293153256,0.0,9.300466537475586,-0.033728886395692825,0.08521723002195358,93.40000000000094,40,0.3573107934319116,0.143855169298513,0.00014735937293153256,0.0,9.300466537475586,-0.033728886395692825,0.08521723002195358,0.25,0.06,0.125,3.0,1.0,3e-06,0.8,2e-05,1.0,SAC405,SAC405,SAC405
373,0.00014735937293153256,0.0,9.300466537475586,-0.033728886395692825,0.08521723002195358,93.40000000000094,41,0.3573107934319116,0.143855169298513,0.00014735937293153256,0.0,9.300466537475586,-0.033728886395692825,0.08521723002195358,0.25,0.06,0.125,3.0,1.0,3e-06,0.8,2e-05,1.0,SAC405,SAC405,SAC405
174,0.028697142377495766,0.04861684516072273,6.72126579284668,-0.018826739862561226,0.0077444217167794704,93.20000000000056,42,0.15808034152724174,0.13498054674287557,0.028697142377495766,0.04861684516072273,6.72126579284668,-0.018826739862561226,0.0077444217167794704,0.75,0.06,0.125,6.0,1.5,3e-06,1.2,2e-05,1.0,SAC305,SAC205,SAC305
326,0.01414131373167038,0.16143637895584106,8.35700511932373,-0.03566204383969307,-0.023794598877429962,92.30000000000058,43,0.23579472241096538,-0.06431244138403108,0.01414131373167038,0.16143637895584106,8.35700511932373,-0.03566204383969307,-0.023794598877429962,0.75,0.06,0.125,9.0,2.0,9e-06,1.2,2e-05,1.0,SAC305,SAC405,SAC305
50,0.01414131373167038,0.16143637895584106,8.35700511932373,-0.03566204383969307,-0.023794598877429962,92.30000000000058,44,0.23579472241096538,-0.06431244138403108,0.01414131373167038,0.16143637895584106,8.35700511932373,-0.03566204383969307,-0.023794598877429962,0.75,0.06,0.125,9.0,2.0,9e-06,1.2,2e-05,1.0,SAC305,SAC405,SAC305
45,0.0,0.31243404746055603,10.172557830810547,-0.0884249210357666,0.06370821595191956,91.20000000000022,45,0.13987878809593018,-0.2128092742466729,0.0,0.31243404746055603,10.172557830810547,-0.0884249210357666,0.06370821595191956,0.25,0.02,0.125,9.0,2.0,9e-06,0.4,2e-05,1.0,SAC405,SAC405,SAC405
222,0.0,0.31243404746055603,10.172557830810547,-0.0884249210357666,0.06370821595191956,91.20000000000022,46,0.13987878809593018,-0.2128092742466729,0.0,0.31243404746055603,10.172557830810547,-0.0884249210357666,0.06370821595191956,0.25,0.02,0.125,9.0,2.0,9e-06,0.4,2e-05,1.0,SAC405,SAC405,SAC405
106,0.009658875875175,0.3689527213573456,7.865195274353027,-0.0823226049542427,0.028256142511963844,91.19999999999965,47,0.01873130196336772,-0.19705625656366713,0.009658875875175,0.3689527213573456,7.865195274353027,-0.0823226049542427,0.028256142511963844,0.25,0.04,0.125,3.0,2.0,9e-06,0.4,3e-05,1.0,SAC405,SAC305,SAC405
112,0.009658875875175,0.3689527213573456,7.865195274353027,-0.0823226049542427,0.028256142511963844,91.19999999999965,48,0.01873130196336772,-0.19705625656366713,0.009658875875175,0.3689527213573456,7.865195274353027,-0.0823226049542427,0.028256142511963844,0.25,0.04,0.125,3.0,2.0,9e-06,0.4,3e-05,1.0,SAC405,SAC305,SAC405
393,0.02876676246523857,0.03898259997367859,6.72126579284668,-0.018826739862561226,0.0077444217167794704,88.40000000000049,49,0.15855045311035237,0.139616596530373,0.02876676246523857,0.03898259997367859,6.72126579284668,-0.018826739862561226,0.0077444217167794704,0.75,0.06,0.125,6.0,1.5,3e-06,1.2,2e-05,1.5,SAC305,SAC205,SAC305
34,0.02876676246523857,0.03898259997367859,6.72126579284668,-0.018826739862561226,0.0077444217167794704,88.40000000000049,50,0.15855045311035237,0.139616596530373,0.02876676246523857,0.03898259997367859,6.72126579284668,-0.018826739862561226,0.0077444217167794704,0.75,0.06,0.125,6.0,1.5,3e-06,1.2,2e-05,1.5,SAC305,SAC205,SAC305
242,0.009840906597673893,0.13156507909297943,7.903170585632324,-0.08377249538898468,0.09891793876886368,87.84999999999991,51,0.023161594257837256,-0.00022603558447136025,0.009840906597673893,0.13156507909297943,7.903170585632324,-0.08377249538898468,0.09891793876886368,0.25,0.06,0.125,6.0,2.0,6e-06,0.4,2e-05,1.0,SAC305,SAC405,SAC205
316,0.009840906597673893,0.13156507909297943,7.903170585632324,-0.08377249538898468,0.09891793876886368,87.84999999999991,52,0.023161594257837256,-0.00022603558447136025,0.009840906597673893,0.13156507909297943,7.903170585632324,-0.08377249538898468,0.09891793876886368,0.25,0.06,0.125,6.0,2.0,6e-06,0.4,2e-05,1.0,SAC305,SAC405,SAC205
5,0.0,0.40474972128868103,10.838635444641113,-0.05783940479159355,-0.01401249598711729,87.65000000000072,53,0.3239971572704351,-0.33678796569855507,0.0,0.40474972128868103,10.838635444641113,-0.05783940479159355,-0.01401249598711729,0.75,0.02,0.125,6.0,1.5,9e-06,0.4,2e-05,1.0,SAC405,SAC205,SAC405
9,0.0,0.40474972128868103,10.838635444641113,-0.05783940479159355,-0.01401249598711729,87.65000000000072,54,0.3239971572704351,-0.33678796569855507,0.0,0.40474972128868103,10.838635444641113,-0.05783940479159355,-0.01401249598711729,0.75,0.02,0.125,6.0,1.5,9e-06,0.4,2e-05,1.0,SAC405,SAC205,SAC405
26,0.0067425803281366825,0.13648621737957,8.896576881408691,-0.08764991909265518,0.10771743953227997,87.4500000000001,55,0.060810686211145444,-0.02794536879677929,0.0067425803281366825,0.13648621737957,8.896576881408691,-0.08764991909265518,0.10771743953227997,0.25,0.04,0.125,9.0,1.5,6e-06,0.4,2e-05,1.0,SAC305,SAC405,SAC405
227,0.0037568318657577038,0.027410369366407394,8.1890230178833,-0.03305850923061371,0.06410910189151764,86.89999999999998,56,0.2830560339240487,0.12991441234782924,0.0037568318657577038,0.027410369366407394,8.1890230178833,-0.03305850923061371,0.06410910189151764,0.25,0.06,0.125,6.0,1.5,3e-06,0.8,2e-05,1.0,SAC405,SAC305,SAC405
150,0.0,0.3144166171550751,10.7854642868042,-0.057732611894607544,-0.0012946304632350802,86.00000000000074,57,0.32091613420417175,-0.2555470329206279,0.0,0.3144166171550751,10.7854642868042,-0.057732611894607544,-0.0012946304632350802,0.75,0.02,0.125,3.0,2.0,9e-06,0.4,2e-05,1.0,SAC405,SAC205,SAC405
429,0.0,0.3144166171550751,10.7854642868042,-0.057732611894607544,-0.0012946304632350802,86.00000000000074,58,0.32091613420417175,-0.2555470329206279,0.0,0.3144166171550751,10.7854642868042,-0.057732611894607544,-0.0012946304632350802,0.75,0.02,0.125,3.0,2.0,9e-06,0.4,2e-05,1.0,SAC405,SAC205,SAC405
332,0.0133739672601223,0.06770724058151245,8.297405242919922,-0.07234294712543488,0.07496220618486404,85.6000000000003,59,0.07525267819168588,0.018422700902014828,0.0133739672601223,0.06770724058151245,8.297405242919922,-0.07234294712543488,0.07496220618486404,0.25,0.06,0.125,9.0,2.0,3e-06,0.4,2e-05,1.0,SAC305,SAC405,SAC305
315,0.0133739672601223,0.06770724058151245,8.297405242919922,-0.07234294712543488,0.07496220618486404,85.6000000000003,60,0.07525267819168588,0.018422700902014828,0.0133739672601223,0.06770724058151245,8.297405242919922,-0.07234294712543488,0.07496220618486404,0.25,0.06,0.125,9.0,2.0,3e-06,0.4,2e-05,1.0,SAC305,SAC405,SAC305
472,0.01939750462770462,0.2313956618309021,4.622917175292969,-0.033224739134311676,0.022335853427648544,84.75000000000006,61,0.03104241333593489,0.07096096306404981,0.01939750462770462,0.2313956618309021,4.622917175292969,-0.033224739134311676,0.022335853427648544,0.75,0.06,0.125,3.0,1.0,9e-06,1.2,2.5e-05,1.5,SAC205,SAC105,SAC305
249,0.01939750462770462,0.2313956618309021,4.622917175292969,-0.033224739134311676,0.022335853427648544,84.75000000000006,62,0.03104241333593489,0.07096096306404981,0.01939750462770462,0.2313956618309021,4.622917175292969,-0.033224739134311676,0.022335853427648544,0.75,0.06,0.125,3.0,1.0,9e-06,1.2,2.5e-05,1.5,SAC205,SAC105,SAC305
53,0.004375634714961052,0.4271574318408966,8.83493423461914,-0.08197586983442307,0.023671887814998627,84.74999999999989,63,0.0817031549220547,-0.2670880660390889,0.004375634714961052,0.4271574318408966,8.83493423461914,-0.08197586983442307,0.023671887814998627,0.25,0.02,0.125,3.0,2.0,9e-06,0.4,3e-05,1.0,SAC405,SAC305,SAC405
153,0.004375634714961052,0.4271574318408966,8.83493423461914,-0.08197586983442307,0.023671887814998627,84.74999999999989,64,0.0817031549220547,-0.2670880660390889,0.004375634714961052,0.4271574318408966,8.83493423461914,-0.08197586983442307,0.023671887814998627,0.25,0.02,0.125,3.0,2.0,9e-06,0.4,3e-05,1.0,SAC405,SAC305,SAC405
298,0.0026408606208860874,0.30827993154525757,10.087591171264648,-0.08797044306993484,0.051760077476501465,83.1500000000002,65,0.12758575543251657,-0.22126479774490268,0.0026408606208860874,0.30827993154525757,10.087591171264648,-0.08797044306993484,0.051760077476501465,0.25,0.02,0.125,9.0,2.0,6e-06,0.4,2e-05,1.0,SAC405,SAC405,SAC405
75,0.0026408606208860874,0.30827993154525757,10.087591171264648,-0.08797044306993484,0.051760077476501465,83.1500000000002,66,0.12758575543251657,-0.22126479774490268,0.0026408606208860874,0.30827993154525757,10.087591171264648,-0.08797044306993484,0.051760077476501465,0.25,0.02,0.125,9.0,2.0,6e-06,0.4,2e-05,1.0,SAC405,SAC405,SAC405
430,0.008633728139102459,0.17613673210144043,8.35700511932373,-0.03566204383969307,-0.023794598877429962,82.35000000000053,67,0.2600440217005181,-0.07020653019191904,0.008633728139102459,0.17613673210144043,8.35700511932373,-0.03566204383969307,-0.023794598877429962,0.75,0.06,0.125,9.0,2.0,9e-06,1.2,2e-05,1.5,SAC405,SAC405,SAC305
119,0.019211258739233017,0.26817575097084045,4.54348611831665,-0.04394585266709328,0.026601413264870644,81.50000000000028,68,-0.014944106065680042,0.03260694985292988,0.019211258739233017,0.26817575097084045,4.54348611831665,-0.04394585266709328,0.026601413264870644,0.5,0.06,0.125,3.0,2.0,9e-06,0.8,2.5e-05,1.5,SAC105,SAC105,SAC405
289,0.006693088449537754,0.4313383400440216,8.651199340820312,-0.08044669777154922,0.014801344834268093,81.20000000000016,69,0.0693197620068535,-0.27189210907202604,0.006693088449537754,0.4313383400440216,8.651199340820312,-0.08044669777154922,0.014801344834268093,0.25,0.02,0.125,3.0,2.0,6e-06,0.4,3e-05,1.0,SAC405,SAC305,SAC405
39,0.006693088449537754,0.4313383400440216,8.651199340820312,-0.08044669777154922,0.014801344834268093,81.20000000000016,70,0.0693197620068535,-0.27189210907202604,0.006693088449537754,0.4313383400440216,8.651199340820312,-0.08044669777154922,0.014801344834268093,0.25,0.02,0.125,3.0,2.0,6e-06,0.4,3e-05,1.0,SAC405,SAC305,SAC405
31,0.04086250811815262,0.0034864621702581644,6.72126579284668,-0.018826739862561226,0.0077444217167794704,81.15000000000072,71,0.09257767684337789,0.16888564063174163,0.04086250811815262,0.0034864621702581644,6.72126579284668,-0.018826739862561226,0.0077444217167794704,0.75,0.06,0.125,6.0,1.5,3e-06,1.2,2e-05,1.0,SAC305,SAC205,SAC205
15,0.04086250811815262,0.0034864621702581644,6.72126579284668,-0.018826739862561226,0.0077444217167794704,81.15000000000072,72,0.09257767684337789,0.16888564063174163,0.04086250811815262,0.0034864621702581644,6.72126579284668,-0.018826739862561226,0.0077444217167794704,0.75,0.06,0.125,6.0,1.5,3e-06,1.2,2e-05,1.0,SAC305,SAC205,SAC205
192,0.00014735937293153256,0.0,9.315187454223633,-0.03440641611814499,0.07516057789325714,81.00000000000068,73,0.3539673741002554,0.1260167293127385,0.00014735937293153256,0.0,9.315187454223633,-0.03440641611814499,0.07516057789325714,0.25,0.06,0.125,3.0,2.0,3e-06,0.8,2e-05,1.0,SAC405,SAC405,SAC405
283,0.02552815154194832,0.0,6.85199499130249,-0.01978304609656334,0.016527565196156502,80.65000000000032,74,0.17925179608497158,0.16208505854831928,0.02552815154194832,0.0,6.85199499130249,-0.01978304609656334,0.016527565196156502,0.5,0.06,0.125,6.0,1.5,3e-06,1.2,2e-05,1.0,SAC305,SAC205,SAC305
110,0.02552815154194832,0.0,6.85199499130249,-0.01978304609656334,0.016527565196156502,80.65000000000032,75,0.17925179608497158,0.16208505854831928,0.02552815154194832,0.0,6.85199499130249,-0.01978304609656334,0.016527565196156502,0.5,0.06,0.125,6.0,1.5,3e-06,1.2,2e-05,1.0,SAC305,SAC205,SAC305
13,0.04374930262565613,0.0,6.72126579284668,-0.018826739862561226,0.0077444217167794704,80.35000000000065,76,0.07490619101642107,0.17397573497030522,0.04374930262565613,0.0,6.72126579284668,-0.018826739862561226,0.0077444217167794704,0.75,0.06,0.125,6.0,1.5,3e-06,1.2,2e-05,1.5,SAC305,SAC205,SAC205
28,0.04374930262565613,0.0,6.72126579284668,-0.018826739862561226,0.0077444217167794704,80.35000000000065,77,0.07490619101642107,0.17397573497030522,0.04374930262565613,0.0,6.72126579284668,-0.018826739862561226,0.0077444217167794704,0.75,0.06,0.125,6.0,1.5,3e-06,1.2,2e-05,1.5,SAC305,SAC205,SAC205
19,0.0008012040052562952,0.31407618522644043,10.087591171264648,-0.08797044306993484,0.051760077476501465,79.70000000000027,78,0.1363778464642811,-0.22248277937047126,0.0008012040052562952,0.31407618522644043,10.087591171264648,-0.08797044306993484,0.051760077476501465,0.25,0.02,0.125,9.0,2.0,6e-06,0.4,2e-05,1.0,SAC305,SAC405,SAC205
121,0.004621473606675863,0.13681736588478088,8.896576881408691,-0.08764991909265518,0.10771743953227997,79.55000000000024,79,0.07178952214336917,-0.027780093515048645,0.004621473606675863,0.13681736588478088,8.896576881408691,-0.08764991909265518,0.10771743953227997,0.25,0.04,0.125,9.0,1.5,6e-06,0.4,2e-05,1.0,SAC305,SAC405,SAC205
239,0.00014735937293153256,0.0,9.381512641906738,-0.03454280272126198,0.07216866314411163,78.85000000000059,80,0.3569314099632554,0.11958032786005823,0.00014735937293153256,0.0,9.381512641906738,-0.03454280272126198,0.07216866314411163,0.25,0.06,0.125,3.0,1.5,3e-06,0.8,2e-05,1.0,SAC405,SAC405,SAC405
213,0.00014735937293153256,0.0,9.381512641906738,-0.03454280272126198,0.07216866314411163,78.85000000000059,81,0.3569314099632554,0.11958032786005823,0.00014735937293153256,0.0,9.381512641906738,-0.03454280272126198,0.07216866314411163,0.25,0.06,0.125,3.0,1.5,3e-06,0.8,2e-05,1.0,SAC405,SAC405,SAC405
442,0.013745160773396492,0.0773547813296318,7.877739429473877,-0.07224956154823303,0.074586883187294,78.6500000000002,82,0.05601054118302758,0.02447330758724637,0.013745160773396492,0.0773547813296318,7.877739429473877,-0.07224956154823303,0.074586883187294,0.25,0.04,0.125,6.0,1.5,3e-06,0.4,2e-05,1.0,SAC305,SAC305,SAC405
60,0.0,0.0,8.937653541564941,-0.027951229363679886,0.06660480052232742,77.94999999999987,83,0.3655158725466406,0.1423601835919395,0.0,0.0,8.937653541564941,-0.027951229363679886,0.06660480052232742,0.25,0.06,0.125,3.0,2.0,6e-06,1.2,2e-05,1.0,SAC205,SAC405,SAC105
273,0.0,0.0,8.937653541564941,-0.027951229363679886,0.06660480052232742,77.94999999999987,84,0.3655158725466406,0.1423601835919395,0.0,0.0,8.937653541564941,-0.027951229363679886,0.06660480052232742,0.25,0.06,0.125,3.0,2.0,6e-06,1.2,2e-05,1.0,SAC205,SAC405,SAC105
411,0.01664988324046135,0.05499804764986038,9.106324195861816,-0.07503646612167358,0.04636805132031441,76.29999999999984,85,0.09119229602878723,-0.03785505109260536,0.01664988324046135,0.05499804764986038,9.106324195861816,-0.07503646612167358,0.04636805132031441,0.25,0.04,0.125,9.0,2.0,3e-06,0.4,2e-05,1.0,SAC305,SAC405,SAC405
392,0.004113884177058935,0.2473633587360382,4.3317437171936035,-0.042730703949928284,0.08863639831542969,76.14999999999992,86,0.044546699951443995,0.12451587868079937,0.004113884177058935,0.2473633587360382,4.3317437171936035,-0.042730703949928284,0.08863639831542969,0.5,0.06,0.125,9.0,1.0,9e-06,0.8,3e-05,1.0,SAC305,SAC105,SAC305
487,0.004113884177058935,0.2473633587360382,4.3317437171936035,-0.042730703949928284,0.08863639831542969,76.14999999999992,87,0.044546699951443995,0.12451587868079937,0.004113884177058935,0.2473633587360382,4.3317437171936035,-0.042730703949928284,0.08863639831542969,0.5,0.06,0.125,9.0,1.0,9e-06,0.8,3e-05,1.0,SAC305,SAC105,SAC305
33,0.03133196383714676,0.12407083064317703,4.704348087310791,-0.017247188836336136,0.014030242338776588,74.09999999999991,88,0.04348795418323698,0.16382128463550874,0.03133196383714676,0.12407083064317703,4.704348087310791,-0.017247188836336136,0.014030242338776588,0.75,0.06,0.125,3.0,2.0,3e-06,1.2,2.5e-05,1.5,SAC405,SAC105,SAC105
41,0.03133196383714676,0.12407083064317703,4.704348087310791,-0.017247188836336136,0.014030242338776588,74.09999999999991,89,0.04348795418323698,0.16382128463550874,0.03133196383714676,0.12407083064317703,4.704348087310791,-0.017247188836336136,0.014030242338776588,0.75,0.06,0.125,3.0,2.0,3e-06,1.2,2.5e-05,1.5,SAC405,SAC105,SAC105
66,0.004264031536877155,0.45077911019325256,8.651199340820312,-0.08044669777154922,0.014801344834268093,73.55000000000035,90,0.0801037946040884,-0.2806659129409256,0.004264031536877155,0.45077911019325256,8.651199340820312,-0.08044669777154922,0.014801344834268093,0.25,0.02,0.125,3.0,2.0,6e-06,0.4,3e-05,1.0,SAC205,SAC305,SAC405
183,0.004264031536877155,0.45077911019325256,8.651199340820312,-0.08044669777154922,0.014801344834268093,73.55000000000035,91,0.0801037946040884,-0.2806659129409256,0.004264031536877155,0.45077911019325256,8.651199340820312,-0.08044669777154922,0.014801344834268093,0.25,0.02,0.125,3.0,2.0,6e-06,0.4,3e-05,1.0,SAC205,SAC305,SAC405
405,0.0194263756275177,0.017671901732683182,6.85199499130249,-0.01978304609656334,0.016527565196156502,73.20000000000027,92,0.20839167531152755,0.1484057890117171,0.0194263756275177,0.017671901732683182,6.85199499130249,-0.01978304609656334,0.016527565196156502,0.5,0.06,0.125,6.0,1.5,3e-06,1.2,2e-05,1.0,SAC305,SAC205,SAC405
302,0.007394855376332998,0.1799035370349884,8.35700511932373,-0.03566204383969307,-0.023794598877429962,71.95000000000022,93,0.2653243405327469,-0.07174289141606194,0.007394855376332998,0.1799035370349884,8.35700511932373,-0.03566204383969307,-0.023794598877429962,0.75,0.06,0.125,9.0,2.0,9e-06,1.2,2e-05,1.5,SAC205,SAC405,SAC405
374,0.0,0.0,8.960022926330566,-0.027488891035318375,0.06069973111152649,71.64999999999952,94,0.3687674896635287,0.1344606999235668,0.0,0.0,8.960022926330566,-0.027488891035318375,0.06069973111152649,0.25,0.06,0.125,3.0,1.5,6e-06,1.2,2e-05,1.0,SAC205,SAC405,SAC105
285,0.0,0.0,8.960022926330566,-0.027488891035318375,0.06069973111152649,71.64999999999952,95,0.3687674896635287,0.1344606999235668,0.0,0.0,8.960022926330566,-0.027488891035318375,0.06069973111152649,0.25,0.06,0.125,3.0,1.5,6e-06,1.2,2e-05,1.0,SAC205,SAC405,SAC105
216,0.02765144407749176,0.0011778961634263396,6.501947402954102,-0.01572350040078163,0.014026169665157795,71.10000000000059,96,0.1692346607837139,0.1813924624894752,0.02765144407749176,0.0011778961634263396,6.501947402954102,-0.01572350040078163,0.014026169665157795,0.25,0.04,0.125,3.0,2.0,3e-06,1.2,2.5e-05,1.0,SAC405,SAC105,SAC405
124,0.02765144407749176,0.0011778961634263396,6.501947402954102,-0.01572350040078163,0.014026169665157795,71.10000000000059,97,0.1692346607837139,0.1813924624894752,0.02765144407749176,0.0011778961634263396,6.501947402954102,-0.01572350040078163,0.014026169665157795,0.25,0.04,0.125,3.0,2.0,3e-06,1.2,2.5e-05,1.0,SAC405,SAC105,SAC405
441,0.0133739672601223,0.06770724058151245,6.86155891418457,-0.06861048191785812,0.0931253507733345,69.9500000000005,98,0.02687324526845234,0.08514453005498498,0.0133739672601223,0.06770724058151245,6.86155891418457,-0.06861048191785812,0.0931253507733345,0.25,0.06,0.125,9.0,1.5,3e-06,0.4,2e-05,1.0,SAC305,SAC305,SAC305
0,0.02765144407749176,0.0011778961634263396,6.52008056640625,-0.015515770763158798,0.01186992134898901,69.25000000000045,99,0.17150827967707774,0.17826325216835517,0.02765144407749176,0.0011778961634263396,6.52008056640625,-0.015515770763158798,0.01186992134898901,0.25,0.04,0.125,3.0,1.0,3e-06,1.2,2.5e-05,1.0,SAC405,SAC105,SAC405
63,0.02765144407749176,0.0011778961634263396,6.52008056640625,-0.015515770763158798,0.01186992134898901,69.25000000000045,100,0.17150827967707774,0.17826325216835517,0.02765144407749176,0.0011778961634263396,6.52008056640625,-0.015515770763158798,0.01186992134898901,0.25,0.04,0.125,3.0,1.0,3e-06,1.2,2.5e-05,1.0,SAC405,SAC105,SAC405
118,0.034367069602012634,0.10723283141851425,4.704348087310791,-0.017247188836336136,0.014030242338776588,67.1499999999997,101,0.02767025803884475,0.1745823245563568,0.034367069602012634,0.10723283141851425,4.704348087310791,-0.017247188836336136,0.014030242338776588,0.75,0.06,0.125,3.0,2.0,3e-06,1.2,2.5e-05,1.0,SAC205,SAC105,SAC305
256,0.034367069602012634,0.10723283141851425,4.704348087310791,-0.017247188836336136,0.014030242338776588,67.1499999999997,102,0.02767025803884475,0.1745823245563568,0.034367069602012634,0.10723283141851425,4.704348087310791,-0.017247188836336136,0.014030242338776588,0.75,0.06,0.125,3.0,2.0,3e-06,1.2,2.5e-05,1.0,SAC205,SAC105,SAC305
56,0.008482541888952255,0.02323376014828682,4.995889663696289,-0.032501548528671265,0.17609506845474243,65.25000000000102,103,0.08701945912642767,0.37791693616748434,0.008482541888952255,0.02323376014828682,4.995889663696289,-0.032501548528671265,0.17609506845474243,0.25,0.06,0.125,9.0,1.0,3e-06,0.8,2e-05,1.0,SAC305,SAC105,SAC405
111,0.004987915977835655,0.11736968904733658,8.059429168701172,-0.0849703848361969,0.12288770079612732,65.19999999999965,104,0.044368051571007386,0.02766604755319747,0.004987915977835655,0.11736968904733658,8.059429168701172,-0.0849703848361969,0.12288770079612732,0.25,0.06,0.125,9.0,1.5,6e-06,0.4,2e-05,1.0,SAC305,SAC405,SAC205
147,0.004987915977835655,0.11736968904733658,8.059429168701172,-0.0849703848361969,0.12288770079612732,65.19999999999965,105,0.044368051571007386,0.02766604755319747,0.004987915977835655,0.11736968904733658,8.059429168701172,-0.0849703848361969,0.12288770079612732,0.25,0.06,0.125,9.0,1.5,6e-06,0.4,2e-05,1.0,SAC305,SAC405,SAC205
306,0.00815240666270256,0.2403329759836197,7.737093448638916,-0.08534707129001617,0.04654094949364662,64.95000000000027,106,0.023887117543702055,-0.10856239380929347,0.00815240666270256,0.2403329759836197,7.737093448638916,-0.08534707129001617,0.04654094949364662,0.25,0.04,0.125,9.0,2.0,6e-06,0.4,2.5e-05,1.5,SAC205,SAC305,SAC405
460,0.00815240666270256,0.2403329759836197,7.737093448638916,-0.08534707129001617,0.04654094949364662,64.95000000000027,107,0.023887117543702055,-0.10856239380929347,0.00815240666270256,0.2403329759836197,7.737093448638916,-0.08534707129001617,0.04654094949364662,0.25,0.04,0.125,9.0,2.0,6e-06,0.4,2.5e-05,1.5,SAC205,SAC305,SAC405
161,0.009991900064051151,0.07514943927526474,8.761063575744629,-0.07196440547704697,0.05223621428012848,64.34999999999962,108,0.1176014280965825,-0.02340137886131406,0.009991900064051151,0.07514943927526474,8.761063575744629,-0.07196440547704697,0.05223621428012848,0.25,0.04,0.125,3.0,1.5,3e-06,0.4,2e-05,1.0,SAC305,SAC405,SAC405
100,0.035311393439769745,0.10622108727693558,4.704348087310791,-0.017247188836336136,0.014030242338776588,64.24999999999966,109,0.021988180372274704,0.17608564573468802,0.035311393439769745,0.10622108727693558,4.704348087310791,-0.017247188836336136,0.014030242338776588,0.75,0.06,0.125,3.0,2.0,3e-06,1.2,2.5e-05,1.5,SAC205,SAC105,SAC305
16,0.035311393439769745,0.10622108727693558,4.704348087310791,-0.017247188836336136,0.014030242338776588,64.24999999999966,110,0.021988180372274704,0.17608564573468802,0.035311393439769745,0.10622108727693558,4.704348087310791,-0.017247188836336136,0.014030242338776588,0.75,0.06,0.125,3.0,2.0,3e-06,1.2,2.5e-05,1.5,SAC205,SAC105,SAC305
11,0.051564909517765045,0.09230215102434158,4.704348087310791,-0.017247188836336136,0.014030242338776588,63.24999999999966,111,-0.08735839038197789,0.20311741951383083,0.051564909517765045,0.09230215102434158,4.704348087310791,-0.017247188836336136,0.014030242338776588,0.75,0.06,0.125,3.0,2.0,3e-06,1.2,2.5e-05,1.0,SAC305,SAC105,SAC205
70,0.051564909517765045,0.09230215102434158,4.704348087310791,-0.017247188836336136,0.014030242338776588,63.24999999999966,112,-0.08735839038197789,0.20311741951383083,0.051564909517765045,0.09230215102434158,4.704348087310791,-0.017247188836336136,0.014030242338776588,0.75,0.06,0.125,3.0,2.0,3e-06,1.2,2.5e-05,1.0,SAC305,SAC105,SAC205
388,0.0,0.2671440541744232,9.119161605834961,-0.08698928356170654,0.061309363692998886,63.049999999999955,113,0.10479654193489218,-0.14871703501715844,0.0,0.2671440541744232,9.119161605834961,-0.08698928356170654,0.061309363692998886,0.25,0.04,0.125,9.0,2.0,9e-06,0.4,2.5e-05,2.0,SAC305,SAC405,SAC305
485,0.0,0.2671440541744232,9.119161605834961,-0.08698928356170654,0.061309363692998886,63.049999999999955,114,0.10479654193489218,-0.14871703501715844,0.0,0.2671440541744232,9.119161605834961,-0.08698928356170654,0.061309363692998886,0.25,0.04,0.125,9.0,2.0,9e-06,0.4,2.5e-05,2.0,SAC305,SAC405,SAC305
103,0.022166891023516655,0.05366223305463791,6.682632923126221,-0.018325095996260643,-0.0066054817289114,62.75000000000051,115,0.1944034782487087,0.10834889316888219,0.022166891023516655,0.05366223305463791,6.682632923126221,-0.018325095996260643,-0.0066054817289114,0.75,0.06,0.125,3.0,1.5,3e-06,1.2,2e-05,1.5,SAC305,SAC205,SAC305
342,0.022166891023516655,0.05366223305463791,6.682632923126221,-0.018325095996260643,-0.0066054817289114,62.75000000000051,116,0.1944034782487087,0.10834889316888219,0.022166891023516655,0.05366223305463791,6.682632923126221,-0.018325095996260643,-0.0066054817289114,0.75,0.06,0.125,3.0,1.5,3e-06,1.2,2e-05,1.5,SAC305,SAC205,SAC305
12,0.009281991049647331,0.000768716970924288,4.995889663696289,-0.032501548528671265,0.17609506845474243,62.05000000000109,117,0.08533356895869967,0.38684102288273153,0.009281991049647331,0.000768716970924288,4.995889663696289,-0.032501548528671265,0.17609506845474243,0.25,0.06,0.125,9.0,1.0,3e-06,0.8,2e-05,1.0,SAC305,SAC105,SAC305
351,0.019006043672561646,0.2638068199157715,4.601984024047852,-0.03259385749697685,-0.0011533359065651894,61.35000000000059,118,0.03838822134223739,0.02708603781040144,0.019006043672561646,0.2638068199157715,4.601984024047852,-0.03259385749697685,-0.0011533359065651894,0.75,0.06,0.125,3.0,2.0,9e-06,1.2,2.5e-05,1.5,SAC405,SAC105,SAC105
346,0.0037568318657577038,0.027410369366407394,8.200217247009277,-0.03263438493013382,0.04308377206325531,61.19999999999993,119,0.2863153991418234,0.10103231769277098,0.0037568318657577038,0.027410369366407394,8.200217247009277,-0.03263438493013382,0.04308377206325531,0.25,0.06,0.125,6.0,1.0,3e-06,0.8,2e-05,1.0,SAC405,SAC305,SAC405
18,0.001936677610501647,0.5177688002586365,8.83493423461914,-0.08197586983442307,0.023671887814998627,60.44999999999982,120,0.08396681526033667,-0.32404020492121793,0.001936677610501647,0.5177688002586365,8.83493423461914,-0.08197586983442307,0.023671887814998627,0.25,0.02,0.125,3.0,2.0,9e-06,0.4,3e-05,2.0,SAC405,SAC305,SAC405
23,0.001936677610501647,0.5177688002586365,8.83493423461914,-0.08197586983442307,0.023671887814998627,60.44999999999982,121,0.08396681526033667,-0.32404020492121793,0.001936677610501647,0.5177688002586365,8.83493423461914,-0.08197586983442307,0.023671887814998627,0.25,0.02,0.125,3.0,2.0,9e-06,0.4,3e-05,2.0,SAC405,SAC305,SAC405
269,0.028018463402986526,0.004040757194161415,4.9686737060546875,-0.018817685544490814,0.04241153597831726,60.00000000000006,122,0.07489326777258738,0.2445377812161407,0.028018463402986526,0.004040757194161415,4.9686737060546875,-0.018817685544490814,0.04241153597831726,0.75,0.06,0.125,3.0,1.0,3e-06,1.2,2e-05,1.0,SAC305,SAC105,SAC205
117,0.028018463402986526,0.004040757194161415,4.9686737060546875,-0.018817685544490814,0.04241153597831726,60.00000000000006,123,0.07489326777258738,0.2445377812161407,0.028018463402986526,0.004040757194161415,4.9686737060546875,-0.018817685544490814,0.04241153597831726,0.75,0.06,0.125,3.0,1.0,3e-06,1.2,2e-05,1.0,SAC305,SAC105,SAC205
87,0.02306201308965683,0.04632408544421196,6.439942836761475,-0.03045072592794895,0.01634632796049118,59.650000000000034,124,0.12322198093427905,0.11406543813948958,0.02306201308965683,0.04632408544421196,6.439942836761475,-0.03045072592794895,0.01634632796049118,0.75,0.06,0.125,3.0,1.5,3e-06,0.8,2e-05,1.5,SAC305,SAC205,SAC205
130,0.02306201308965683,0.04632408544421196,6.439942836761475,-0.03045072592794895,0.01634632796049118,59.650000000000034,125,0.12322198093427905,0.11406543813948958,0.02306201308965683,0.04632408544421196,6.439942836761475,-0.03045072592794895,0.01634632796049118,0.75,0.06,0.125,3.0,1.5,3e-06,0.8,2e-05,1.5,SAC305,SAC205,SAC205
290,0.0034755042288452387,0.18569713830947876,8.35700511932373,-0.03566204383969307,-0.023794598877429962,59.50000000000034,126,0.2817565643444996,-0.07321644360238067,0.0034755042288452387,0.18569713830947876,8.35700511932373,-0.03566204383969307,-0.023794598877429962,0.75,0.06,0.125,9.0,2.0,9e-06,1.2,2e-05,1.5,SAC205,SAC405,SAC305
80,0.053083814680576324,0.08670938014984131,4.704348087310791,-0.017247188836336136,0.014030242338776588,59.249999999999716,127,-0.09764256295275657,0.2079939848617261,0.053083814680576324,0.08670938014984131,4.704348087310791,-0.017247188836336136,0.014030242338776588,0.75,0.06,0.125,3.0,2.0,3e-06,1.2,2.5e-05,1.5,SAC305,SAC105,SAC205
3,0.053083814680576324,0.08670938014984131,4.704348087310791,-0.017247188836336136,0.014030242338776588,59.249999999999716,128,-0.09764256295275657,0.2079939848617261,0.053083814680576324,0.08670938014984131,4.704348087310791,-0.017247188836336136,0.014030242338776588,0.75,0.06,0.125,3.0,2.0,3e-06,1.2,2.5e-05,1.5,SAC305,SAC105,SAC205
58,0.008088191039860249,0.03476152941584587,7.484336853027344,-0.03901446983218193,0.041256632655858994,58.0499999999999,129,0.2043071497198466,0.09586972290225283,0.008088191039860249,0.03476152941584587,7.484336853027344,-0.03901446983218193,0.041256632655858994,0.25,0.06,0.125,3.0,2.0,6e-06,0.8,2e-05,1.5,SAC205,SAC305,SAC305
140,0.008088191039860249,0.03476152941584587,7.484336853027344,-0.03901446983218193,0.041256632655858994,58.0499999999999,130,0.2043071497198466,0.09586972290225283,0.008088191039860249,0.03476152941584587,7.484336853027344,-0.03901446983218193,0.041256632655858994,0.25,0.06,0.125,3.0,2.0,6e-06,0.8,2e-05,1.5,SAC205,SAC305,SAC305
409,0.022652355954051018,0.04546955227851868,6.682632923126221,-0.018325095996260643,-0.0066054817289114,57.95000000000056,131,0.19254404399302458,0.11247359570563524,0.022652355954051018,0.04546955227851868,6.682632923126221,-0.018325095996260643,-0.0066054817289114,0.75,0.06,0.125,3.0,1.5,3e-06,1.2,2e-05,1.5,SAC405,SAC205,SAC205
136,0.022652355954051018,0.04546955227851868,6.682632923126221,-0.018325095996260643,-0.0066054817289114,57.95000000000056,132,0.19254404399302458,0.11247359570563524,0.022652355954051018,0.04546955227851868,6.682632923126221,-0.018325095996260643,-0.0066054817289114,0.75,0.06,0.125,3.0,1.5,3e-06,1.2,2e-05,1.5,SAC405,SAC205,SAC205
277,0.012834128923714161,0.27960363030433655,4.54348611831665,-0.04394585266709328,0.026601413264870644,56.94999999999999,133,0.01883106128422174,0.02622416721221991,0.012834128923714161,0.27960363030433655,4.54348611831665,-0.04394585266709328,0.026601413264870644,0.5,0.06,0.125,3.0,2.0,9e-06,0.8,2.5e-05,1.5,SAC205,SAC105,SAC405
202,0.012834128923714161,0.27960363030433655,4.54348611831665,-0.04394585266709328,0.026601413264870644,56.94999999999999,134,0.01883106128422174,0.02622416721221991,0.012834128923714161,0.27960363030433655,4.54348611831665,-0.04394585266709328,0.026601413264870644,0.5,0.06,0.125,3.0,2.0,9e-06,0.8,2.5e-05,1.5,SAC205,SAC105,SAC405
74,0.0032973638735711575,0.21817108988761902,7.257521629333496,-0.036241788417100906,-0.001550996326841414,56.65000000000015,135,0.22285226418726953,-0.03258758119249175,0.0032973638735711575,0.21817108988761902,7.257521629333496,-0.036241788417100906,-0.001550996326841414,0.5,0.06,0.125,9.0,2.0,9e-06,1.2,2.5e-05,1.5,SAC305,SAC305,SAC305
496,0.0032973638735711575,0.21817108988761902,7.257521629333496,-0.036241788417100906,-0.001550996326841414,56.65000000000015,136,0.22285226418726953,-0.03258758119249175,0.0032973638735711575,0.21817108988761902,7.257521629333496,-0.036241788417100906,-0.001550996326841414,0.5,0.06,0.125,9.0,2.0,9e-06,1.2,2.5e-05,1.5,SAC305,SAC305,SAC305
1,0.0,0.5853983163833618,8.83493423461914,-0.08197586983442307,0.023671887814998627,55.7999999999999,137,0.08642705569003932,-0.3689599760789092,0.0,0.5853983163833618,8.83493423461914,-0.08197586983442307,0.023671887814998627,0.25,0.02,0.125,3.0,2.0,9e-06,0.4,3e-05,1.0,SAC405,SAC305,SAC205
36,0.0,0.5853983163833618,8.83493423461914,-0.08197586983442307,0.023671887814998627,55.7999999999999,138,0.08642705569003932,-0.3689599760789092,0.0,0.5853983163833618,8.83493423461914,-0.08197586983442307,0.023671887814998627,0.25,0.02,0.125,3.0,2.0,9e-06,0.4,3e-05,1.0,SAC405,SAC305,SAC205
414,0.016168711706995964,0.06644673645496368,6.8642191886901855,-0.06876453012228012,0.061258696019649506,54.10000000000031,139,0.023018688438394688,0.04692866987936911,0.016168711706995964,0.06644673645496368,6.8642191886901855,-0.06876453012228012,0.061258696019649506,0.25,0.06,0.125,9.0,2.0,3e-06,0.4,2e-05,1.0,SAC305,SAC305,SAC105
8,0.0,0.28713515400886536,4.3317437171936035,-0.042730703949928284,0.08863639831542969,54.050000000000296,140,0.061025016150798535,0.10517927815967068,0.0,0.28713515400886536,4.3317437171936035,-0.042730703949928284,0.08863639831542969,0.5,0.06,0.125,9.0,1.0,9e-06,0.8,3e-05,2.0,SAC305,SAC105,SAC305
38,0.033811815083026886,0.0,6.682632923126221,-0.018325095996260643,-0.0066054817289114,53.850000000000705,141,0.13838133732662886,0.14239623846125724,0.033811815083026886,0.0,6.682632923126221,-0.018325095996260643,-0.0066054817289114,0.75,0.06,0.125,3.0,1.5,3e-06,1.2,2e-05,1.5,SAC305,SAC205,SAC205
120,0.033811815083026886,0.0,6.682632923126221,-0.018325095996260643,-0.0066054817289114,53.850000000000705,142,0.13838133732662886,0.14239623846125724,0.033811815083026886,0.0,6.682632923126221,-0.018325095996260643,-0.0066054817289114,0.75,0.06,0.125,3.0,1.5,3e-06,1.2,2e-05,1.5,SAC305,SAC205,SAC205
417,0.0,0.24555574357509613,9.069162368774414,-0.0867237076163292,0.06011330336332321,53.2999999999999,143,0.10620150484998561,-0.13611813711426882,0.0,0.24555574357509613,9.069162368774414,-0.0867237076163292,0.06011330336332321,0.25,0.04,0.125,9.0,2.0,6e-06,0.4,2.5e-05,1.0,SAC305,SAC405,SAC405
482,0.0,0.24555574357509613,9.069162368774414,-0.0867237076163292,0.06011330336332321,53.2999999999999,144,0.10620150484998561,-0.13611813711426882,0.0,0.24555574357509613,9.069162368774414,-0.0867237076163292,0.06011330336332321,0.25,0.04,0.125,9.0,2.0,6e-06,0.4,2.5e-05,1.0,SAC305,SAC405,SAC405
312,0.01664988324046135,0.05499804764986038,7.971536636352539,-0.07287748903036118,0.04435259476304054,53.14999999999969,145,0.05477578975729895,-0.00454532226864975,0.01664988324046135,0.05499804764986038,7.971536636352539,-0.07287748903036118,0.04435259476304054,0.25,0.04,0.125,9.0,2.0,3e-06,0.4,2e-05,1.0,SAC305,SAC305,SAC405
335,0.0067425803281366825,0.13648621737957,9.049782752990723,-0.08786283433437347,0.06492707878351212,51.44999999999982,146,0.0787304745830499,-0.08024791979277052,0.0067425803281366825,0.13648621737957,9.049782752990723,-0.08786283433437347,0.06492707878351212,0.25,0.04,0.125,9.0,2.0,6e-06,0.4,2e-05,1.0,SAC305,SAC405,SAC405
451,0.0067425803281366825,0.13648621737957,9.049782752990723,-0.08786283433437347,0.06492707878351212,51.44999999999982,147,0.0787304745830499,-0.08024791979277052,0.0067425803281366825,0.13648621737957,9.049782752990723,-0.08786283433437347,0.06492707878351212,0.25,0.04,0.125,9.0,2.0,6e-06,0.4,2e-05,1.0,SAC305,SAC405,SAC405
89,0.016168711706995964,0.06644673645496368,5.567966938018799,-0.06789541989564896,0.10031993687152863,51.099999999999625,148,-0.033807121330650156,0.12554269705306248,0.016168711706995964,0.06644673645496368,5.567966938018799,-0.06789541989564896,0.10031993687152863,0.25,0.06,0.125,9.0,1.0,3e-06,0.4,2e-05,1.0,SAC305,SAC205,SAC105
214,0.016168711706995964,0.06644673645496368,5.567966938018799,-0.06789541989564896,0.10031993687152863,51.099999999999625,149,-0.033807121330650156,0.12554269705306248,0.016168711706995964,0.06644673645496368,5.567966938018799,-0.06789541989564896,0.10031993687152863,0.25,0.06,0.125,9.0,1.0,3e-06,0.4,2e-05,1.0,SAC305,SAC205,SAC105
422,0.023992853239178658,0.0824766606092453,7.864372730255127,-0.06766607612371445,0.01649531163275242,51.00000000000051,150,0.0356851158835937,-0.03579935308856899,0.023992853239178658,0.0824766606092453,7.864372730255127,-0.06766607612371445,0.01649531163275242,0.5,0.04,0.125,6.0,1.5,3e-06,0.4,2e-05,1.5,SAC305,SAC205,SAC405
81,0.023992853239178658,0.0824766606092453,7.864372730255127,-0.06766607612371445,0.01649531163275242,51.00000000000051,151,0.0356851158835937,-0.03579935308856899,0.023992853239178658,0.0824766606092453,7.864372730255127,-0.06766607612371445,0.01649531163275242,0.5,0.04,0.125,6.0,1.5,3e-06,0.4,2e-05,1.5,SAC305,SAC205,SAC405
360,0.0008748591644689441,0.26623889803886414,4.3317437171936035,-0.042730703949928284,0.08863639831542969,50.70000000000027,152,0.05908986958925669,0.11450850581756385,0.0008748591644689441,0.26623889803886414,4.3317437171936035,-0.042730703949928284,0.08863639831542969,0.5,0.06,0.125,9.0,1.0,9e-06,0.8,3e-05,1.0,SAC405,SAC105,SAC305
68,0.0011312890565022826,0.25632086396217346,4.3317437171936035,-0.042730703949928284,0.08863639831542969,48.200000000000216,153,0.05899935703238543,0.11879632371577657,0.0011312890565022826,0.25632086396217346,4.3317437171936035,-0.042730703949928284,0.08863639831542969,0.5,0.06,0.125,9.0,1.0,9e-06,0.8,3e-05,1.0,SAC205,SAC105,SAC305
220,0.0,0.3144166171550751,7.796863079071045,-0.05198485776782036,-0.0013323025777935982,46.90000000000026,154,0.1919553212527833,-0.13156473869796276,0.0,0.3144166171550751,7.796863079071045,-0.05198485776782036,-0.0013323025777935982,0.75,0.02,0.125,3.0,2.0,9e-06,0.4,2e-05,1.0,SAC405,SAC105,SAC405
51,0.0,0.3144166171550751,7.796863079071045,-0.05198485776782036,-0.0013323025777935982,46.90000000000026,155,0.1919553212527833,-0.13156473869796276,0.0,0.3144166171550751,7.796863079071045,-0.05198485776782036,-0.0013323025777935982,0.75,0.02,0.125,3.0,2.0,9e-06,0.4,2e-05,1.0,SAC405,SAC105,SAC405
447,0.0,0.030344273895025253,8.850196838378906,-0.033812765032052994,0.041537653654813766,46.7000000000001,156,0.3304183094598207,0.07682612173424798,0.0,0.030344273895025253,8.850196838378906,-0.033812765032052994,0.041537653654813766,0.25,0.06,0.125,3.0,1.0,9e-06,1.2,2e-05,1.5,SAC205,SAC405,SAC105
189,0.013745160773396492,0.0773547813296318,7.999176025390625,-0.07171245664358139,0.04195225611329079,45.09999999999951,157,0.0723348749959677,-0.015616663252117314,0.013745160773396492,0.0773547813296318,7.999176025390625,-0.07171245664358139,0.04195225611329079,0.25,0.04,0.125,6.0,1.0,3e-06,0.4,2e-05,1.0,SAC305,SAC305,SAC405
276,0.013745160773396492,0.0773547813296318,7.999176025390625,-0.07171245664358139,0.04195225611329079,45.09999999999951,158,0.0723348749959677,-0.015616663252117314,0.013745160773396492,0.0773547813296318,7.999176025390625,-0.07171245664358139,0.04195225611329079,0.25,0.04,0.125,6.0,1.0,3e-06,0.4,2e-05,1.0,SAC305,SAC305,SAC405
403,0.0,0.2671440541744232,7.260012626647949,-0.08597081154584885,0.08699122816324234,44.95000000000027,159,0.02932311067466355,-0.06384845515191995,0.0,0.2671440541744232,7.260012626647949,-0.08597081154584885,0.08699122816324234,0.25,0.04,0.125,9.0,1.0,9e-06,0.4,2.5e-05,2.0,SAC305,SAC205,SAC305
310,0.013511965982615948,0.0,6.976668357849121,-0.017600689083337784,0.014493690803647041,44.000000000000455,160,0.2527141417148921,0.1520750420297615,0.013511965982615948,0.0,6.976668357849121,-0.017600689083337784,0.014493690803647041,0.25,0.06,0.125,3.0,1.5,3e-06,1.2,2.5e-05,1.0,SAC405,SAC205,SAC105
17,0.016168711706995964,0.06644673645496368,4.570540904998779,-0.06447908282279968,0.1470618098974228,42.850000000000875,161,-0.0770591987992013,0.2169371311405003,0.016168711706995964,0.06644673645496368,4.570540904998779,-0.06447908282279968,0.1470618098974228,0.25,0.06,0.125,9.0,1.0,3e-06,0.4,2e-05,1.0,SAC305,SAC105,SAC105
108,0.016168711706995964,0.06644673645496368,4.570540904998779,-0.06447908282279968,0.1470618098974228,42.850000000000875,162,-0.0770591987992013,0.2169371311405003,0.016168711706995964,0.06644673645496368,4.570540904998779,-0.06447908282279968,0.1470618098974228,0.25,0.06,0.125,9.0,1.0,3e-06,0.4,2e-05,1.0,SAC305,SAC105,SAC105
134,0.01664988324046135,0.05499804764986038,8.086383819580078,-0.07234038412570953,0.03367564082145691,42.4999999999996,163,0.06412337209072587,-0.018420348124775523,0.01664988324046135,0.05499804764986038,8.086383819580078,-0.07234038412570953,0.03367564082145691,0.25,0.04,0.125,9.0,1.0,3e-06,0.4,2e-05,1.0,SAC305,SAC305,SAC405
24,0.0,0.5551198720932007,8.651199340820312,-0.08044669777154922,0.014801344834268093,42.34999999999974,164,0.0907336079980515,-0.34394744563891405,0.0,0.5551198720932007,8.651199340820312,-0.08044669777154922,0.014801344834268093,0.25,0.02,0.125,3.0,2.0,6e-06,0.4,3e-05,1.0,SAC305,SAC305,SAC205
40,0.0,0.5551198720932007,8.651199340820312,-0.08044669777154922,0.014801344834268093,42.34999999999974,165,0.0907336079980515,-0.34394744563891405,0.0,0.5551198720932007,8.651199340820312,-0.08044669777154922,0.014801344834268093,0.25,0.02,0.125,3.0,2.0,6e-06,0.4,3e-05,1.0,SAC305,SAC305,SAC205
212,0.0,0.15354962646961212,8.807669639587402,-0.08742153644561768,0.09743502736091614,41.50000000000006,166,0.09314919248478394,-0.043658749503512125,0.0,0.15354962646961212,8.807669639587402,-0.08742153644561768,0.09743502736091614,0.25,0.04,0.125,6.0,1.5,9e-06,0.4,2e-05,1.0,SAC305,SAC405,SAC205
294,0.0,0.15354962646961212,8.807669639587402,-0.08742153644561768,0.09743502736091614,41.50000000000006,167,0.09314919248478394,-0.043658749503512125,0.0,0.15354962646961212,8.807669639587402,-0.08742153644561768,0.09743502736091614,0.25,0.04,0.125,6.0,1.5,9e-06,0.4,2e-05,1.0,SAC305,SAC405,SAC205
109,0.01539895310997963,0.0691637471318245,6.8642191886901855,-0.06876453012228012,0.061258696019649506,41.400000000000205,168,0.026615644968016588,0.04556244864239418,0.01539895310997963,0.0691637471318245,6.8642191886901855,-0.06876453012228012,0.061258696019649506,0.25,0.06,0.125,9.0,2.0,3e-06,0.4,2e-05,1.0,SAC305,SAC305,SAC405
461,0.004278087988495827,0.13363872468471527,8.119351387023926,-0.0857231616973877,0.08240333199501038,41.14999999999969,169,0.0582291021119038,-0.02938986545405164,0.004278087988495827,0.13363872468471527,8.119351387023926,-0.0857231616973877,0.08240333199501038,0.25,0.06,0.125,9.0,2.0,6e-06,0.4,2e-05,1.0,SAC305,SAC405,SAC405
104,0.009323087520897388,0.14551536738872528,7.77253532409668,-0.08355344831943512,0.05304596200585365,41.09999999999974,170,0.03532164495020767,-0.053633991883424326,0.009323087520897388,0.14551536738872528,7.77253532409668,-0.08355344831943512,0.05304596200585365,0.25,0.04,0.125,6.0,2.0,6e-06,0.4,2e-05,1.0,SAC305,SAC305,SAC205
431,0.0,0.29017022252082825,6.9900970458984375,-0.08568153530359268,0.08558682352304459,40.650000000000205,171,0.017966544127175927,-0.06833889250360456,0.0,0.29017022252082825,6.9900970458984375,-0.08568153530359268,0.08558682352304459,0.25,0.04,0.125,9.0,1.5,9e-06,0.4,2.5e-05,1.0,SAC305,SAC205,SAC205
394,0.0,0.29017022252082825,6.9900970458984375,-0.08568153530359268,0.08558682352304459,40.650000000000205,172,0.017966544127175927,-0.06833889250360456,0.0,0.29017022252082825,6.9900970458984375,-0.08568153530359268,0.08558682352304459,0.25,0.04,0.125,9.0,1.5,9e-06,0.4,2.5e-05,1.0,SAC305,SAC205,SAC205
159,0.0,0.13580292463302612,9.461404800415039,-0.0883936733007431,0.09084513783454895,40.09999999999985,173,0.11929344099309647,-0.06257894911992758,0.0,0.13580292463302612,9.461404800415039,-0.0883936733007431,0.09084513783454895,0.25,0.04,0.125,9.0,1.0,9e-06,0.4,2e-05,1.0,SAC305,SAC405,SAC205
84,0.020291170105338097,0.17570221424102783,5.999804496765137,-0.05902060866355896,0.004739290568977594,39.799999999999955,174,0.00610696682719839,-0.02348314475898968,0.020291170105338097,0.17570221424102783,5.999804496765137,-0.05902060866355896,0.004739290568977594,0.5,0.04,0.125,9.0,1.0,3e-06,0.4,2.5e-05,1.5,SAC305,SAC105,SAC405
71,0.020291170105338097,0.17570221424102783,5.999804496765137,-0.05902060866355896,0.004739290568977594,39.799999999999955,175,0.00610696682719839,-0.02348314475898968,0.020291170105338097,0.17570221424102783,5.999804496765137,-0.05902060866355896,0.004739290568977594,0.5,0.04,0.125,9.0,1.0,3e-06,0.4,2.5e-05,1.5,SAC305,SAC105,SAC405
154,0.0077739255502820015,0.2804299294948578,7.623076438903809,-0.08079343289136887,0.0216036569327116,39.699999999999875,176,0.03932624092087995,-0.14197364622694555,0.0077739255502820015,0.2804299294948578,7.623076438903809,-0.08079343289136887,0.0216036569327116,0.25,0.04,0.125,3.0,2.0,6e-06,0.4,3e-05,1.0,SAC205,SAC305,SAC205
347,0.008482541888952255,0.02323376014828682,5.086693286895752,-0.03216621279716492,0.09196782857179642,39.54999999999973,177,0.11516487307633266,0.23896845223311663,0.008482541888952255,0.02323376014828682,5.086693286895752,-0.03216621279716492,0.09196782857179642,0.25,0.06,0.125,9.0,1.5,3e-06,0.8,2e-05,1.0,SAC305,SAC105,SAC405
401,0.014887627214193344,0.03205360099673271,6.637595176696777,-0.017342962324619293,0.005428752396255732,39.00000000000023,178,0.2303369430927344,0.13428636333887647,0.014887627214193344,0.03205360099673271,6.637595176696777,-0.017342962324619293,0.005428752396255732,0.25,0.04,0.125,3.0,1.5,3e-06,1.2,2e-05,1.0,SAC405,SAC105,SAC405
206,0.014887627214193344,0.03205360099673271,6.637595176696777,-0.017342962324619293,0.005428752396255732,39.00000000000023,179,0.2303369430927344,0.13428636333887647,0.014887627214193344,0.03205360099673271,6.637595176696777,-0.017342962324619293,0.005428752396255732,0.25,0.04,0.125,3.0,1.5,3e-06,1.2,2e-05,1.0,SAC405,SAC105,SAC405
492,0.009281991049647331,0.000768716970924288,5.086693286895752,-0.03216621279716492,0.09196782857179642,36.34999999999957,180,0.11345489954145306,0.24795204631393403,0.009281991049647331,0.000768716970924288,5.086693286895752,-0.03216621279716492,0.09196782857179642,0.25,0.06,0.125,9.0,1.5,3e-06,0.8,2e-05,1.0,SAC305,SAC105,SAC305
141,0.0,0.2817186713218689,8.749178886413574,-0.0811888724565506,0.029793018475174904,35.300000000000125,181,0.11704761464377572,-0.16534985437583932,0.0,0.2817186713218689,8.749178886413574,-0.0811888724565506,0.029793018475174904,0.25,0.02,0.125,3.0,1.5,6e-06,0.4,2e-05,1.0,SAC405,SAC305,SAC405
185,0.009997955523431301,0.029309209436178207,6.577317237854004,-0.0396825447678566,0.046523675322532654,35.2999999999999,182,0.15194741002981915,0.12407057152788772,0.009997955523431301,0.029309209436178207,6.577317237854004,-0.0396825447678566,0.046523675322532654,0.25,0.06,0.125,3.0,2.0,6e-06,0.8,2e-05,1.0,SAC205,SAC205,SAC305
265,0.004987915977835655,0.11736968904733658,8.119351387023926,-0.0857231616973877,0.08240333199501038,35.19999999999942,183,0.05668108443739181,-0.021997266960415172,0.004987915977835655,0.11736968904733658,8.119351387023926,-0.0857231616973877,0.08240333199501038,0.25,0.06,0.125,9.0,2.0,6e-06,0.4,2e-05,1.0,SAC305,SAC405,SAC205
129,0.015154508873820305,0.05615049600601196,6.682632923126221,-0.018325095996260643,-0.0066054817289114,33.9500000000001,184,0.22727593346698263,0.10279583096585994,0.015154508873820305,0.05615049600601196,6.682632923126221,-0.018325095996260643,-0.0066054817289114,0.75,0.06,0.125,3.0,1.5,3e-06,1.2,2e-05,1.0,SAC205,SAC205,SAC305
180,0.0,0.13580292463302612,9.015986442565918,-0.08810439705848694,0.09349638223648071,33.650000000000205,185,0.10178961279992288,-0.04659041216045502,0.0,0.13580292463302612,9.015986442565918,-0.08810439705848694,0.09349638223648071,0.25,0.04,0.125,9.0,1.5,9e-06,0.4,2e-05,1.0,SAC305,SAC405,SAC205
481,0.0,0.13580292463302612,9.015986442565918,-0.08810439705848694,0.09349638223648071,33.650000000000205,186,0.10178961279992288,-0.04659041216045502,0.0,0.13580292463302612,9.015986442565918,-0.08810439705848694,0.09349638223648071,0.25,0.04,0.125,9.0,1.5,9e-06,0.4,2e-05,1.0,SAC305,SAC405,SAC205
181,0.008482541888952255,0.02323376014828682,8.071925163269043,-0.03393100947141647,0.009985332377254963,33.350000000000705,187,0.2559542863709395,0.06023392344058698,0.008482541888952255,0.02323376014828682,8.071925163269043,-0.03393100947141647,0.009985332377254963,0.25,0.06,0.125,9.0,2.0,3e-06,0.8,2e-05,1.0,SAC305,SAC305,SAC405
475,0.01539895310997963,0.0691637471318245,4.570540904998779,-0.06447908282279968,0.1470618098974228,30.149999999999977,188,-0.07310610539357626,0.21506355065612312,0.01539895310997963,0.0691637471318245,4.570540904998779,-0.06447908282279968,0.1470618098974228,0.25,0.06,0.125,9.0,1.0,3e-06,0.4,2e-05,1.0,SAC305,SAC105,SAC405
483,0.01664988324046135,0.05499804764986038,6.647315502166748,-0.0714806467294693,0.057991061359643936,28.900000000000034,189,0.007154722333820871,0.04654966945777456,0.01664988324046135,0.05499804764986038,6.647315502166748,-0.0714806467294693,0.057991061359643936,0.25,0.04,0.125,9.0,1.5,3e-06,0.4,2e-05,1.0,SAC305,SAC205,SAC405
158,0.014961524866521358,0.005912911146879196,4.972371578216553,-0.01912340335547924,0.047810204327106476,28.64999999999992,190,0.13995699229063344,0.2330359542551307,0.014961524866521358,0.005912911146879196,4.972371578216553,-0.01912340335547924,0.047810204327106476,0.5,0.06,0.125,3.0,1.0,3e-06,1.2,2e-05,1.0,SAC305,SAC105,SAC405
364,0.009997955523431301,0.029309209436178207,6.492630481719971,-0.03943312168121338,0.042134761810302734,27.849999999999966,191,0.15013960040842725,0.12072010661269225,0.009997955523431301,0.029309209436178207,6.492630481719971,-0.03943312168121338,0.042134761810302734,0.25,0.06,0.125,3.0,1.5,6e-06,0.8,2e-05,1.0,SAC205,SAC205,SAC305
55,0.0,0.32073670625686646,4.419364929199219,-0.04153519868850708,0.05205204710364342,27.80000000000001,192,0.07554405469390596,0.04514648742061442,0.0,0.32073670625686646,4.419364929199219,-0.04153519868850708,0.05205204710364342,0.5,0.06,0.125,3.0,1.0,9e-06,0.8,3e-05,1.5,SAC105,SAC105,SAC405
280,0.0,0.20954395830631256,4.38457727432251,-0.04560762643814087,0.09536605328321457,26.750000000000114,193,0.060608162092654,0.13660227338282593,0.0,0.20954395830631256,4.38457727432251,-0.04560762643814087,0.09536605328321457,0.5,0.06,0.125,9.0,1.0,9e-06,0.8,2.5e-05,2.0,SAC305,SAC105,SAC305
96,0.0,0.20954395830631256,4.38457727432251,-0.04560762643814087,0.09536605328321457,26.750000000000114,194,0.060608162092654,0.13660227338282593,0.0,0.20954395830631256,4.38457727432251,-0.04560762643814087,0.09536605328321457,0.5,0.06,0.125,9.0,1.0,9e-06,0.8,2.5e-05,2.0,SAC305,SAC105,SAC305
435,0.0,0.24555574357509613,6.77405309677124,-0.08486349135637283,0.09278672933578491,26.15000000000032,195,0.016616227230181954,-0.03215090873550904,0.0,0.24555574357509613,6.77405309677124,-0.08486349135637283,0.09278672933578491,0.25,0.04,0.125,9.0,1.5,6e-06,0.4,2.5e-05,1.0,SAC305,SAC205,SAC405
115,0.0,0.3816242516040802,7.865195274353027,-0.0823226049542427,0.028256142511963844,25.999999999999773,196,0.06797018644839721,-0.1939111118559001,0.0,0.3816242516040802,7.865195274353027,-0.0823226049542427,0.028256142511963844,0.25,0.04,0.125,3.0,2.0,9e-06,0.4,3e-05,1.0,SAC105,SAC305,SAC205
48,0.0,0.3816242516040802,7.865195274353027,-0.0823226049542427,0.028256142511963844,25.999999999999773,197,0.06797018644839721,-0.1939111118559001,0.0,0.3816242516040802,7.865195274353027,-0.0823226049542427,0.028256142511963844,0.25,0.04,0.125,3.0,2.0,9e-06,0.4,3e-05,1.0,SAC105,SAC305,SAC205
356,0.0,0.2671440541744232,7.030743598937988,-0.08586440980434418,0.07646521180868149,25.450000000000387,198,0.025021580960693283,-0.06823695919495233,0.0,0.2671440541744232,7.030743598937988,-0.08586440980434418,0.07646521180868149,0.25,0.04,0.125,9.0,2.0,9e-06,0.4,2.5e-05,2.0,SAC305,SAC205,SAC305
398,0.0,0.29017022252082825,7.864767074584961,-0.08616511523723602,0.04970046505331993,24.999999999999773,199,0.05950620354409887,-0.13102457623298025,0.0,0.29017022252082825,7.864767074584961,-0.08616511523723602,0.04970046505331993,0.25,0.04,0.125,9.0,2.0,9e-06,0.4,2.5e-05,1.0,SAC305,SAC305,SAC205
179,0.002315251622349024,0.25248983502388,7.692677021026611,-0.08440373092889786,0.050064556300640106,23.749999999999602,200,0.05198567622685102,-0.10484158782506309,0.002315251622349024,0.25248983502388,7.692677021026611,-0.08440373092889786,0.050064556300640106,0.25,0.04,0.125,9.0,2.0,6e-06,0.4,3e-05,1.0,SAC205,SAC305,SAC105
143,0.002315251622349024,0.25248983502388,7.692677021026611,-0.08440373092889786,0.050064556300640106,23.749999999999602,201,0.05198567622685102,-0.10484158782506309,0.002315251622349024,0.25248983502388,7.692677021026611,-0.08440373092889786,0.050064556300640106,0.25,0.04,0.125,9.0,2.0,6e-06,0.4,3e-05,1.0,SAC205,SAC305,SAC105
97,2.9486505809472874e-05,0.3089818060398102,4.419364929199219,-0.04153519868850708,0.05205204710364342,23.350000000000136,202,0.0767397739989959,0.05036393420649474,2.9486505809472874e-05,0.3089818060398102,4.419364929199219,-0.04153519868850708,0.05205204710364342,0.5,0.06,0.125,3.0,1.0,9e-06,0.8,3e-05,1.5,SAC405,SAC105,SAC405
449,0.006876442581415176,0.006365180015563965,6.923218727111816,-0.03302133455872536,0.040232229977846146,23.249999999999943,203,0.21000236262180996,0.13474706298996553,0.006876442581415176,0.006365180015563965,6.923218727111816,-0.03302133455872536,0.040232229977846146,0.25,0.06,0.125,6.0,2.0,3e-06,0.8,2e-05,1.0,SAC405,SAC205,SAC305
478,0.006876442581415176,0.006365180015563965,6.923218727111816,-0.03302133455872536,0.040232229977846146,23.249999999999943,204,0.21000236262180996,0.13474706298996553,0.006876442581415176,0.006365180015563965,6.923218727111816,-0.03302133455872536,0.040232229977846146,0.25,0.06,0.125,6.0,2.0,3e-06,0.8,2e-05,1.0,SAC405,SAC205,SAC305
247,0.005990322213619947,0.2158966362476349,7.216920852661133,-0.08385369181632996,0.04694461449980736,22.600000000000136,205,0.0243256288157024,-0.07740748830481715,0.005990322213619947,0.2158966362476349,7.216920852661133,-0.08385369181632996,0.04694461449980736,0.25,0.04,0.125,3.0,2.0,9e-06,0.4,2e-05,1.0,SAC305,SAC205,SAC405
331,0.005990322213619947,0.2158966362476349,7.216920852661133,-0.08385369181632996,0.04694461449980736,22.600000000000136,206,0.0243256288157024,-0.07740748830481715,0.005990322213619947,0.2158966362476349,7.216920852661133,-0.08385369181632996,0.04694461449980736,0.25,0.04,0.125,3.0,2.0,9e-06,0.4,2e-05,1.0,SAC305,SAC205,SAC405
235,0.013354732654988766,0.08900214731693268,7.864372730255127,-0.06766607612371445,0.01649531163275242,20.59999999999974,207,0.08857452904440702,-0.036863318146689826,0.013354732654988766,0.08900214731693268,7.864372730255127,-0.06766607612371445,0.01649531163275242,0.5,0.04,0.125,6.0,1.5,3e-06,0.4,2e-05,1.0,SAC305,SAC205,SAC405
465,0.0,0.26253634691238403,7.692677021026611,-0.08440373092889786,0.050064556300640106,19.699999999999534,208,0.06206656175354254,-0.10853930177505942,0.0,0.26253634691238403,7.692677021026611,-0.08440373092889786,0.050064556300640106,0.25,0.04,0.125,9.0,2.0,6e-06,0.4,3e-05,1.0,SAC305,SAC305,SAC205
72,0.018963949754834175,0.1399603635072708,4.890279293060303,-0.03186001256108284,0.0003452438395470381,18.84999999999974,209,0.06815192158276992,0.08031332493846267,0.018963949754834175,0.1399603635072708,4.890279293060303,-0.03186001256108284,0.0003452438395470381,0.25,0.06,0.125,3.0,1.5,9e-06,1.2,2.5e-05,1.0,SAC105,SAC105,SAC105
131,0.004621473606675863,0.13681736588478088,6.845231533050537,-0.08483292162418365,0.09735623747110367,18.700000000000273,210,0.009204497627363107,0.01915644176989814,0.004621473606675863,0.13681736588478088,6.845231533050537,-0.08483292162418365,0.09735623747110367,0.25,0.04,0.125,9.0,1.5,6e-06,0.4,2e-05,1.0,SAC305,SAC205,SAC205
318,0.0037568318657577038,0.027410369366407394,5.1282148361206055,-0.03138351067900658,0.09592265635728836,18.69999999999942,211,0.14110266946039313,0.23906889540340717,0.0037568318657577038,0.027410369366407394,5.1282148361206055,-0.03138351067900658,0.09592265635728836,0.25,0.06,0.125,6.0,1.0,3e-06,0.8,2e-05,1.0,SAC405,SAC105,SAC405
127,0.0037568318657577038,0.027410369366407394,5.1282148361206055,-0.03138351067900658,0.09592265635728836,18.69999999999942,212,0.14110266946039313,0.23906889540340717,0.0037568318657577038,0.027410369366407394,5.1282148361206055,-0.03138351067900658,0.09592265635728836,0.25,0.06,0.125,6.0,1.0,3e-06,0.8,2e-05,1.0,SAC405,SAC105,SAC405
221,0.008818061091005802,0.1262385994195938,7.895104885101318,-0.06697829067707062,0.007962948642671108,17.250000000000227,213,0.11181036691211468,-0.061778404140090656,0.008818061091005802,0.1262385994195938,7.895104885101318,-0.06697829067707062,0.007962948642671108,0.5,0.04,0.125,3.0,1.5,3e-06,0.4,2e-05,1.0,SAC305,SAC205,SAC205
95,0.021023981273174286,0.0,4.977194786071777,-0.017415625974535942,0.022712023928761482,16.849999999999568,214,0.12329758105641825,0.21086818500539425,0.021023981273174286,0.0,4.977194786071777,-0.017415625974535942,0.022712023928761482,0.25,0.06,0.125,3.0,2.0,3e-06,1.2,2.5e-05,1.0,SAC405,SAC105,SAC405
169,0.021023981273174286,0.0,4.977194786071777,-0.017415625974535942,0.022712023928761482,16.849999999999568,215,0.12329758105641825,0.21086818500539425,0.021023981273174286,0.0,4.977194786071777,-0.017415625974535942,0.022712023928761482,0.25,0.06,0.125,3.0,2.0,3e-06,1.2,2.5e-05,1.0,SAC405,SAC105,SAC405
354,0.01664988324046135,0.05499804764986038,6.754919528961182,-0.0714806467294693,0.044216763228178024,14.45000000000016,216,0.015600105023739833,0.02828367135929794,0.01664988324046135,0.05499804764986038,6.754919528961182,-0.0714806467294693,0.044216763228178024,0.25,0.04,0.125,9.0,2.0,3e-06,0.4,2e-05,1.0,SAC305,SAC205,SAC405
440,0.01664988324046135,0.05499804764986038,6.754919528961182,-0.0714806467294693,0.044216763228178024,14.45000000000016,217,0.015600105023739833,0.02828367135929794,0.01664988324046135,0.05499804764986038,6.754919528961182,-0.0714806467294693,0.044216763228178024,0.25,0.04,0.125,9.0,2.0,3e-06,0.4,2e-05,1.0,SAC305,SAC205,SAC405
135,0.0,0.27707451581954956,8.976022720336914,-0.0836765393614769,0.019301658496260643,13.650000000000375,218,0.12008666926349672,-0.1841357185367971,0.0,0.27707451581954956,8.976022720336914,-0.0836765393614769,0.019301658496260643,0.25,0.02,0.125,3.0,2.0,9e-06,0.4,2e-05,1.0,SAC405,SAC305,SAC405
400,0.0,0.27707451581954956,8.976022720336914,-0.0836765393614769,0.019301658496260643,13.650000000000375,219,0.12008666926349672,-0.1841357185367971,0.0,0.27707451581954956,8.976022720336914,-0.0836765393614769,0.019301658496260643,0.25,0.02,0.125,3.0,2.0,9e-06,0.4,2e-05,1.0,SAC405,SAC305,SAC405
344,0.009901882149279118,0.028868423774838448,6.817462921142578,-0.019281402230262756,0.0006087355432100594,12.000000000000284,220,0.25299934767671967,0.11561135418358692,0.009901882149279118,0.028868423774838448,6.817462921142578,-0.019281402230262756,0.0006087355432100594,0.5,0.06,0.125,3.0,1.5,3e-06,1.2,2e-05,1.0,SAC405,SAC205,SAC405
437,0.009901882149279118,0.028868423774838448,6.817462921142578,-0.019281402230262756,0.0006087355432100594,12.000000000000284,221,0.25299934767671967,0.11561135418358692,0.009901882149279118,0.028868423774838448,6.817462921142578,-0.019281402230262756,0.0006087355432100594,0.5,0.06,0.125,3.0,1.5,3e-06,1.2,2e-05,1.0,SAC405,SAC205,SAC405
345,0.0067425803281366825,0.13648621737957,7.810449600219727,-0.08539427071809769,0.051987748593091965,11.699999999999704,222,0.04494168237440975,-0.054477489930568175,0.0067425803281366825,0.13648621737957,7.810449600219727,-0.08539427071809769,0.051987748593091965,0.25,0.04,0.125,9.0,2.0,6e-06,0.4,2e-05,1.0,SAC305,SAC305,SAC405
152,0.0,0.2817186713218689,8.862750053405762,-0.08140178769826889,0.014576584100723267,11.100000000000648,223,0.12432361396778074,-0.1836962911312236,0.0,0.2817186713218689,8.862750053405762,-0.08140178769826889,0.014576584100723267,0.25,0.02,0.125,3.0,2.0,6e-06,0.4,2e-05,1.0,SAC405,SAC305,SAC405
282,0.0,0.0,7.942353248596191,-0.026834191754460335,0.03360322117805481,10.699999999999534,224,0.31496329710251697,0.1201537868325061,0.0,0.0,7.942353248596191,-0.026834191754460335,0.03360322117805481,0.25,0.06,0.125,3.0,2.0,6e-06,1.2,2e-05,1.0,SAC205,SAC305,SAC105
406,0.0,0.0,7.942353248596191,-0.026834191754460335,0.03360322117805481,10.699999999999534,225,0.31496329710251697,0.1201537868325061,0.0,0.0,7.942353248596191,-0.026834191754460335,0.03360322117805481,0.25,0.06,0.125,3.0,2.0,6e-06,1.2,2e-05,1.0,SAC205,SAC305,SAC105
35,0.0,0.0,7.921026229858398,-0.026371853426098824,0.032881759107112885,9.899999999999409,226,0.31598184895140646,0.12096522453108792,0.0,0.0,7.921026229858398,-0.026371853426098824,0.032881759107112885,0.25,0.06,0.125,3.0,1.5,6e-06,1.2,2e-05,1.0,SAC205,SAC305,SAC105
272,0.0,0.0,7.921026229858398,-0.026371853426098824,0.032881759107112885,9.899999999999409,227,0.31598184895140646,0.12096522453108792,0.0,0.0,7.921026229858398,-0.026371853426098824,0.032881759107112885,0.25,0.06,0.125,3.0,1.5,6e-06,1.2,2e-05,1.0,SAC205,SAC305,SAC105
303,0.01758953370153904,0.04550504684448242,4.837749004364014,-0.018187595531344414,0.01391447801142931,8.149999999999352,228,0.12902451441582546,0.17689808842184257,0.01758953370153904,0.04550504684448242,4.837749004364014,-0.018187595531344414,0.01391447801142931,0.75,0.06,0.125,3.0,2.0,3e-06,1.2,2e-05,1.0,SAC405,SAC105,SAC205
85,0.01758953370153904,0.04550504684448242,4.837749004364014,-0.018187595531344414,0.01391447801142931,8.149999999999352,229,0.12902451441582546,0.17689808842184257,0.01758953370153904,0.04550504684448242,4.837749004364014,-0.018187595531344414,0.01391447801142931,0.75,0.06,0.125,3.0,2.0,3e-06,1.2,2e-05,1.0,SAC405,SAC105,SAC205
82,0.0,0.13580292463302612,9.13539981842041,-0.08831731230020523,0.06516160070896149,7.449999999999761,230,0.11250439308540398,-0.08016105114351392,0.0,0.13580292463302612,9.13539981842041,-0.08831731230020523,0.06516160070896149,0.25,0.04,0.125,9.0,2.0,9e-06,0.4,2e-05,1.0,SAC305,SAC405,SAC205
230,0.0,0.24555574357509613,7.737093448638916,-0.08534707129001617,0.04654094949364662,6.649999999999636,231,0.0635635057679936,-0.10661875443146279,0.0,0.24555574357509613,7.737093448638916,-0.08534707129001617,0.04654094949364662,0.25,0.04,0.125,9.0,2.0,6e-06,0.4,2.5e-05,1.0,SAC305,SAC305,SAC405
190,0.010795538313686848,0.18552283942699432,5.999804496765137,-0.05902060866355896,0.004739290568977594,6.349999999999966,232,0.05281199250878352,-0.026768389122641078,0.010795538313686848,0.18552283942699432,5.999804496765137,-0.05902060866355896,0.004739290568977594,0.5,0.04,0.125,9.0,1.0,3e-06,0.4,2.5e-05,1.0,SAC305,SAC105,SAC405
296,0.008482541888952255,0.02323376014828682,6.8777756690979,-0.03415606915950775,0.018726959824562073,6.250000000000227,233,0.19833605348750485,0.09827266197851596,0.008482541888952255,0.02323376014828682,6.8777756690979,-0.03415606915950775,0.018726959824562073,0.25,0.06,0.125,9.0,1.5,3e-06,0.8,2e-05,1.0,SAC305,SAC205,SAC405
133,0.0037568318657577038,0.027410369366407394,5.170929431915283,-0.03104817308485508,0.0790327936410904,5.299999999999443,234,0.14753479772811687,0.21520861701248145,0.0037568318657577038,0.027410369366407394,5.170929431915283,-0.03104817308485508,0.0790327936410904,0.25,0.06,0.125,6.0,1.5,3e-06,0.8,2e-05,1.0,SAC405,SAC105,SAC405
232,0.0037568318657577038,0.027410369366407394,5.170929431915283,-0.03104817308485508,0.0790327936410904,5.299999999999443,235,0.14753479772811687,0.21520861701248145,0.0037568318657577038,0.027410369366407394,5.170929431915283,-0.03104817308485508,0.0790327936410904,0.25,0.06,0.125,6.0,1.5,3e-06,0.8,2e-05,1.0,SAC405,SAC105,SAC405
288,0.0,0.05378410592675209,8.820009231567383,-0.03579505532979965,0.008625569753348827,5.049999999999102,236,0.3189892119036067,0.018787167477266917,0.0,0.05378410592675209,8.820009231567383,-0.03579505532979965,0.008625569753348827,0.25,0.06,0.125,9.0,2.0,9e-06,1.2,2e-05,1.0,SAC305,SAC405,SAC305
349,0.0,0.05378410592675209,8.820009231567383,-0.03579505532979965,0.008625569753348827,5.049999999999102,237,0.3189892119036067,0.018787167477266917,0.0,0.05378410592675209,8.820009231567383,-0.03579505532979965,0.008625569753348827,0.25,0.06,0.125,9.0,2.0,9e-06,1.2,2e-05,1.0,SAC305,SAC405,SAC305
182,0.0037568318657577038,0.027410369366407394,5.084917068481445,-0.03104817308485508,0.08172525465488434,4.899999999999409,238,0.14342739388874778,0.22039628947709522,0.0037568318657577038,0.027410369366407394,5.084917068481445,-0.03104817308485508,0.08172525465488434,0.25,0.06,0.125,6.0,2.0,3e-06,0.8,2e-05,1.0,SAC405,SAC105,SAC405
355,0.0,0.24555574357509613,6.833517074584961,-0.08504636585712433,0.0706196278333664,3.9500000000001023,239,0.025453497092222634,-0.05721301173054975,0.0,0.24555574357509613,6.833517074584961,-0.08504636585712433,0.0706196278333664,0.25,0.04,0.125,9.0,2.0,6e-06,0.4,2.5e-05,1.0,SAC305,SAC205,SAC405
459,0.0,0.24555574357509613,6.833517074584961,-0.08504636585712433,0.0706196278333664,3.9500000000001023,240,0.025453497092222634,-0.05721301173054975,0.0,0.24555574357509613,6.833517074584961,-0.08504636585712433,0.0706196278333664,0.25,0.04,0.125,9.0,2.0,6e-06,0.4,2.5e-05,1.0,SAC305,SAC205,SAC405
453,0.0074338242411613464,0.011248715221881866,6.88608980178833,-0.019145015627145767,0.007456985302269459,3.3999999999995794,241,0.26725531962956056,0.1296524968002487,0.0074338242411613464,0.011248715221881866,6.88608980178833,-0.019145015627145767,0.007456985302269459,0.5,0.06,0.125,3.0,2.0,3e-06,1.2,2e-05,1.5,SAC405,SAC205,SAC105
139,0.0074338242411613464,0.011248715221881866,6.88608980178833,-0.019145015627145767,0.007456985302269459,3.3999999999995794,242,0.26725531962956056,0.1296524968002487,0.0074338242411613464,0.011248715221881866,6.88608980178833,-0.019145015627145767,0.007456985302269459,0.5,0.06,0.125,3.0,2.0,3e-06,1.2,2e-05,1.5,SAC405,SAC205,SAC105
200,0.004278087988495827,0.13363872468471527,5.619803428649902,-0.08195283263921738,0.14888203144073486,2.9000000000006594,243,-0.039773788850323136,0.11434142398289059,0.004278087988495827,0.13363872468471527,5.619803428649902,-0.08195283263921738,0.14888203144073486,0.25,0.06,0.125,9.0,1.0,6e-06,0.4,2e-05,1.0,SAC305,SAC205,SAC405
20,0.004278087988495827,0.13363872468471527,5.619803428649902,-0.08195283263921738,0.14888203144073486,2.9000000000006594,244,-0.039773788850323136,0.11434142398289059,0.004278087988495827,0.13363872468471527,5.619803428649902,-0.08195283263921738,0.14888203144073486,0.25,0.06,0.125,9.0,1.0,6e-06,0.4,2e-05,1.0,SAC305,SAC205,SAC405
54,0.0054947203025221825,0.29230520129203796,4.601984024047852,-0.03259385749697685,-0.0011533359065651894,2.6999999999995907,245,0.10468517727331962,0.0122353917334788,0.0054947203025221825,0.29230520129203796,4.601984024047852,-0.03259385749697685,-0.0011533359065651894,0.75,0.06,0.125,3.0,2.0,9e-06,1.2,2.5e-05,1.5,SAC305,SAC105,SAC305
207,0.0054947203025221825,0.29230520129203796,4.601984024047852,-0.03259385749697685,-0.0011533359065651894,2.6999999999995907,246,0.10468517727331962,0.0122353917334788,0.0054947203025221825,0.29230520129203796,4.601984024047852,-0.03259385749697685,-0.0011533359065651894,0.75,0.06,0.125,3.0,2.0,9e-06,1.2,2.5e-05,1.5,SAC305,SAC105,SAC305
252,0.011933288536965847,0.19078882038593292,4.634309768676758,-0.04405912756919861,0.014975308440625668,2.250000000000341,247,0.042346626414023134,0.04899947053189427,0.011933288536965847,0.19078882038593292,4.634309768676758,-0.04405912756919861,0.014975308440625668,0.25,0.06,0.125,3.0,2.0,9e-06,0.8,2.5e-05,1.0,SAC405,SAC105,SAC405
171,0.0,0.3173682689666748,7.623076438903809,-0.08079343289136887,0.0216036569327116,1.6500000000002046,248,0.07318141389921422,-0.15516264261224733,0.0,0.3173682689666748,7.623076438903809,-0.08079343289136887,0.0216036569327116,0.25,0.04,0.125,3.0,2.0,6e-06,0.4,3e-05,1.0,SAC305,SAC305,SAC205
498,0.0,0.3173682689666748,7.623076438903809,-0.08079343289136887,0.0216036569327116,1.6500000000002046,249,0.07318141389921422,-0.15516264261224733,0.0,0.3173682689666748,7.623076438903809,-0.08079343289136887,0.0216036569327116,0.25,0.04,0.125,3.0,2.0,6e-06,0.4,3e-05,1.0,SAC305,SAC305,SAC205
240,0.004621473606675863,0.13681736588478088,6.971020698547363,-0.08483292162418365,0.07383247464895248,1.0999999999998522,250,0.021255924822709295,-0.009285296801933973,0.004621473606675863,0.13681736588478088,6.971020698547363,-0.08483292162418365,0.07383247464895248,0.25,0.04,0.125,9.0,2.0,6e-06,0.4,2e-05,1.0,SAC305,SAC205,SAC205
98,0.0,0.22883941233158112,8.484228134155273,-0.08474411070346832,0.031470514833927155,0.8499999999998522,251,0.09890085617172589,-0.13371102951819258,0.0,0.22883941233158112,8.484228134155273,-0.08474411070346832,0.031470514833927155,0.25,0.06,0.125,9.0,2.0,9e-06,0.4,2.5e-05,1.0,SAC305,SAC405,SAC205
145,0.0,0.22883941233158112,8.484228134155273,-0.08474411070346832,0.031470514833927155,0.8499999999998522,252,0.09890085617172589,-0.13371102951819258,0.0,0.22883941233158112,8.484228134155273,-0.08474411070346832,0.031470514833927155,0.25,0.06,0.125,9.0,2.0,9e-06,0.4,2.5e-05,1.0,SAC305,SAC405,SAC205
77,0.003134071361273527,0.1520342081785202,7.594712257385254,-0.045418091118335724,-0.018557634204626083,0.5999999999996248,253,0.20662349702628363,-0.04865278621196358,0.003134071361273527,0.1520342081785202,7.594712257385254,-0.045418091118335724,-0.018557634204626083,0.75,0.06,0.125,9.0,2.0,9e-06,0.8,2e-05,1.5,SAC305,SAC305,SAC305
390,0.003985643852502108,0.0,7.0243659019470215,-0.017964785918593407,0.012763860635459423,-0.9000000000002615,254,0.2931435361288483,0.139589782747656,0.003985643852502108,0.0,7.0243659019470215,-0.017964785918593407,0.012763860635459423,0.25,0.06,0.125,3.0,1.5,3e-06,1.2,2e-05,1.5,SAC405,SAC205,SAC105
305,0.003985643852502108,0.0,7.0243659019470215,-0.017964785918593407,0.012763860635459423,-0.9000000000002615,255,0.2931435361288483,0.139589782747656,0.003985643852502108,0.0,7.0243659019470215,-0.017964785918593407,0.012763860635459423,0.25,0.06,0.125,3.0,1.5,3e-06,1.2,2e-05,1.5,SAC405,SAC205,SAC105
320,0.013745160773396492,0.0773547813296318,6.6804399490356445,-0.07045014202594757,0.03681771084666252,-1.400000000000034,256,0.03006165029377895,0.014234591546781444,0.013745160773396492,0.0773547813296318,6.6804399490356445,-0.07045014202594757,0.03681771084666252,0.25,0.04,0.125,6.0,2.0,3e-06,0.4,2e-05,1.0,SAC305,SAC205,SAC405
57,0.0017344338120892644,0.32917457818984985,4.54348611831665,-0.04394585266709328,0.026601413264870644,-1.400000000000091,257,0.06974120336858251,0.0026005192669925317,0.0017344338120892644,0.32917457818984985,4.54348611831665,-0.04394585266709328,0.026601413264870644,0.5,0.06,0.125,3.0,2.0,9e-06,0.8,2.5e-05,1.5,SAC305,SAC105,SAC405
148,0.0017344338120892644,0.32917457818984985,4.54348611831665,-0.04394585266709328,0.026601413264870644,-1.400000000000091,258,0.06974120336858251,0.0026005192669925317,0.0017344338120892644,0.32917457818984985,4.54348611831665,-0.04394585266709328,0.026601413264870644,0.5,0.06,0.125,3.0,2.0,9e-06,0.8,2.5e-05,1.5,SAC305,SAC105,SAC405
425,0.008910159580409527,0.09628143161535263,7.895104885101318,-0.06697829067707062,0.007962948642671108,-1.599999999999966,259,0.11412781595045263,-0.04776032064134977,0.008910159580409527,0.09628143161535263,7.895104885101318,-0.06697829067707062,0.007962948642671108,0.5,0.04,0.125,3.0,1.5,3e-06,0.4,2e-05,1.0,SAC305,SAC205,SAC405
372,0.008910159580409527,0.09628143161535263,7.895104885101318,-0.06697829067707062,0.007962948642671108,-1.599999999999966,260,0.11412781595045263,-0.04776032064134977,0.008910159580409527,0.09628143161535263,7.895104885101318,-0.06697829067707062,0.007962948642671108,0.5,0.04,0.125,3.0,1.5,3e-06,0.4,2e-05,1.0,SAC305,SAC205,SAC405
175,0.01095778588205576,0.0874791219830513,4.837749004364014,-0.018187595531344414,0.01391447801142931,-1.799999999999443,261,0.15688575070026292,0.15435218674007617,0.01095778588205576,0.0874791219830513,4.837749004364014,-0.018187595531344414,0.01391447801142931,0.75,0.06,0.125,3.0,2.0,3e-06,1.2,2e-05,1.0,SAC405,SAC105,SAC305
209,0.0,0.07729975879192352,8.761063575744629,-0.07196440547704697,0.05223621428012848,-1.9999999999991473,262,0.16308114107372856,-0.023174412589547447,0.0,0.07729975879192352,8.761063575744629,-0.07196440547704697,0.05223621428012848,0.25,0.04,0.125,3.0,1.5,3e-06,0.4,2e-05,1.0,SAC405,SAC405,SAC405
62,0.009997955523431301,0.029309209436178207,4.734043598175049,-0.03974464163184166,0.0694696381688118,-2.050000000000125,263,0.0725884545776418,0.18898738171231172,0.009997955523431301,0.029309209436178207,4.734043598175049,-0.03974464163184166,0.0694696381688118,0.25,0.06,0.125,3.0,1.0,6e-06,0.8,2e-05,1.0,SAC205,SAC105,SAC305
144,0.010134042240679264,0.2291194051504135,5.069807529449463,-0.05702168866991997,0.010579017922282219,-2.5499999999995566,264,0.022426849079155178,-0.012352275053342864,0.010134042240679264,0.2291194051504135,5.069807529449463,-0.05702168866991997,0.010579017922282219,0.5,0.06,0.125,3.0,1.5,3e-06,0.4,2.5e-05,1.5,SAC305,SAC105,SAC405
471,0.011728758923709393,0.21693676710128784,5.0113749504089355,-0.05702168866991997,0.010929723270237446,-3.9999999999995453,265,0.014023872495743465,-0.005245390396354593,0.011728758923709393,0.21693676710128784,5.0113749504089355,-0.05702168866991997,0.010929723270237446,0.5,0.06,0.125,3.0,1.0,3e-06,0.4,2.5e-05,2.0,SAC305,SAC105,SAC405
281,0.011728758923709393,0.21693676710128784,5.0113749504089355,-0.05702168866991997,0.010929723270237446,-3.9999999999995453,266,0.014023872495743465,-0.005245390396354593,0.011728758923709393,0.21693676710128784,5.0113749504089355,-0.05702168866991997,0.010929723270237446,0.5,0.06,0.125,3.0,1.0,3e-06,0.4,2.5e-05,2.0,SAC305,SAC105,SAC405
387,0.0,0.15354962646961212,7.978052616119385,-0.08561528474092484,0.06875480711460114,-4.800000000000296,267,0.07543575044821518,-0.04819032502173076,0.0,0.15354962646961212,7.978052616119385,-0.08561528474092484,0.06875480711460114,0.25,0.04,0.125,6.0,1.5,9e-06,0.4,2e-05,1.0,SAC305,SAC305,SAC205
94,0.0133739672601223,0.06770724058151245,4.661415100097656,-0.06501618772745132,0.08553416281938553,-5.250000000000568,268,-0.03436717529616296,0.12983821609816024,0.0133739672601223,0.06770724058151245,4.661415100097656,-0.06501618772745132,0.08553416281938553,0.25,0.06,0.125,9.0,1.5,3e-06,0.4,2e-05,1.0,SAC305,SAC105,SAC305
428,0.007336712442338467,0.045984040945768356,6.587648868560791,-0.03286903351545334,0.016774429008364677,-5.550000000000352,269,0.19455819037573713,0.09539592378886048,0.007336712442338467,0.045984040945768356,6.587648868560791,-0.03286903351545334,0.016774429008364677,0.5,0.06,0.125,3.0,1.5,3e-06,0.8,2e-05,1.0,SAC305,SAC205,SAC205
329,0.007336712442338467,0.045984040945768356,6.587648868560791,-0.03286903351545334,0.016774429008364677,-5.550000000000352,270,0.19455819037573713,0.09539592378886048,0.007336712442338467,0.045984040945768356,6.587648868560791,-0.03286903351545334,0.016774429008364677,0.5,0.06,0.125,3.0,1.5,3e-06,0.8,2e-05,1.0,SAC305,SAC205,SAC205
381,0.014509148895740509,0.05077106133103371,4.837749004364014,-0.018187595531344414,0.01391447801142931,-7.749999999999147,271,0.14325425123358132,0.1718867498300077,0.014509148895740509,0.05077106133103371,4.837749004364014,-0.018187595531344414,0.01391447801142931,0.75,0.06,0.125,3.0,2.0,3e-06,1.2,2e-05,1.5,SAC405,SAC105,SAC105
470,0.009281991049647331,0.000768716970924288,6.94594669342041,-0.03401968255639076,0.006270496640354395,-8.699999999999534,272,0.20129243843519445,0.09112405977221176,0.009281991049647331,0.000768716970924288,6.94594669342041,-0.03401968255639076,0.006270496640354395,0.25,0.06,0.125,9.0,2.0,3e-06,0.8,2e-05,1.0,SAC305,SAC205,SAC305
397,0.009281991049647331,0.000768716970924288,6.94594669342041,-0.03401968255639076,0.006270496640354395,-8.699999999999534,273,0.20129243843519445,0.09112405977221176,0.009281991049647331,0.000768716970924288,6.94594669342041,-0.03401968255639076,0.006270496640354395,0.25,0.06,0.125,9.0,2.0,3e-06,0.8,2e-05,1.0,SAC305,SAC205,SAC305
172,0.006497969850897789,0.32203036546707153,5.548159122467041,-0.07073251157999039,0.013454855419695377,-8.900000000000091,274,0.0018004422747462182,-0.09066879187183813,0.006497969850897789,0.32203036546707153,5.548159122467041,-0.07073251157999039,0.013454855419695377,0.25,0.04,0.125,6.0,2.0,9e-06,0.4,3e-05,1.5,SAC205,SAC105,SAC205
178,0.006497969850897789,0.32203036546707153,5.548159122467041,-0.07073251157999039,0.013454855419695377,-8.900000000000091,275,0.0018004422747462182,-0.09066879187183813,0.006497969850897789,0.32203036546707153,5.548159122467041,-0.07073251157999039,0.013454855419695377,0.25,0.04,0.125,6.0,2.0,9e-06,0.4,3e-05,1.5,SAC205,SAC105,SAC205
284,0.0,0.13580292463302612,7.264532089233398,-0.08539295941591263,0.08950864523649216,-9.100000000000307,276,0.04698553495366629,-0.00030929091446245025,0.0,0.13580292463302612,7.264532089233398,-0.08539295941591263,0.08950864523649216,0.25,0.04,0.125,9.0,1.0,9e-06,0.4,2e-05,1.0,SAC305,SAC205,SAC205
102,0.008261743001639843,0.19612090289592743,4.634309768676758,-0.04405912756919861,0.014975308440625668,-9.199999999999761,277,0.059644844793657774,0.04585322804034,0.008261743001639843,0.19612090289592743,4.634309768676758,-0.04405912756919861,0.014975308440625668,0.25,0.06,0.125,3.0,2.0,9e-06,0.8,2.5e-05,1.5,SAC205,SAC105,SAC405
415,0.008261743001639843,0.19612090289592743,4.634309768676758,-0.04405912756919861,0.014975308440625668,-9.199999999999761,278,0.059644844793657774,0.04585322804034,0.008261743001639843,0.19612090289592743,4.634309768676758,-0.04405912756919861,0.014975308440625668,0.25,0.06,0.125,3.0,2.0,9e-06,0.8,2.5e-05,1.5,SAC205,SAC105,SAC405
32,0.0006792269414290786,0.15004795789718628,8.386507987976074,-0.049261294305324554,-0.014774901792407036,-12.349999999999795,279,0.2364945531595374,-0.07290245601546383,0.0006792269414290786,0.15004795789718628,8.386507987976074,-0.049261294305324554,-0.014774901792407036,0.75,0.06,0.125,9.0,2.0,9e-06,0.8,2e-05,1.5,SAC405,SAC405,SAC305
113,0.0006792269414290786,0.15004795789718628,8.386507987976074,-0.049261294305324554,-0.014774901792407036,-12.349999999999795,280,0.2364945531595374,-0.07290245601546383,0.0006792269414290786,0.15004795789718628,8.386507987976074,-0.049261294305324554,-0.014774901792407036,0.75,0.06,0.125,9.0,2.0,9e-06,0.8,2e-05,1.5,SAC405,SAC405,SAC305
187,0.005249514244496822,0.12684409320354462,4.704348087310791,-0.017247188836336136,0.014030242338776588,-13.599999999999056,281,0.1778049697293969,0.13968643060570063,0.005249514244496822,0.12684409320354462,4.704348087310791,-0.017247188836336136,0.014030242338776588,0.75,0.06,0.125,3.0,2.0,3e-06,1.2,2.5e-05,1.5,SAC305,SAC105,SAC305
61,0.0,0.17946027219295502,7.594712257385254,-0.045418091118335724,-0.018557634204626083,-14.300000000000182,282,0.21836970494351496,-0.060935501098386205,0.0,0.17946027219295502,7.594712257385254,-0.045418091118335724,-0.018557634204626083,0.75,0.06,0.125,9.0,2.0,9e-06,0.8,2e-05,1.5,SAC205,SAC305,SAC305
433,0.0,0.11430530995130539,8.253927230834961,-0.0855904221534729,0.06814908236265182,-15.150000000000148,283,0.08977520009927525,-0.03814374605640218,0.0,0.11430530995130539,8.253927230834961,-0.0855904221534729,0.06814908236265182,0.25,0.06,0.125,9.0,1.5,9e-06,0.4,2e-05,1.0,SAC305,SAC405,SAC205
244,0.0,0.11430530995130539,8.253927230834961,-0.0855904221534729,0.06814908236265182,-15.150000000000148,284,0.08977520009927525,-0.03814374605640218,0.0,0.11430530995130539,8.253927230834961,-0.0855904221534729,0.06814908236265182,0.25,0.06,0.125,9.0,1.5,9e-06,0.4,2e-05,1.0,SAC305,SAC405,SAC205
292,0.0,0.0350380502641201,7.97963285446167,-0.06911683827638626,0.07009387761354446,-16.04999999999984,285,0.1417039219962697,0.0404728246448771,0.0,0.0350380502641201,7.97963285446167,-0.06911683827638626,0.07009387761354446,0.25,0.06,0.125,3.0,1.5,3e-06,0.4,2e-05,1.0,SAC405,SAC405,SAC405
468,0.013519269414246082,0.19291117787361145,4.741269588470459,-0.06067469343543053,0.016502277925610542,-16.549999999999727,286,-0.013218686087966482,0.00975508627019076,0.013519269414246082,0.19291117787361145,4.741269588470459,-0.06067469343543053,0.016502277925610542,0.25,0.06,0.125,3.0,1.0,3e-06,0.4,2.5e-05,2.0,SAC305,SAC105,SAC405
491,0.0,0.0350380502641201,7.939793109893799,-0.06927088648080826,0.07152558118104935,-17.149999999999864,287,0.13932255727112075,0.042646324504364785,0.0,0.0350380502641201,7.939793109893799,-0.06927088648080826,0.07152558118104935,0.25,0.06,0.125,3.0,2.0,3e-06,0.4,2e-05,1.0,SAC405,SAC405,SAC405
225,0.0,0.0350380502641201,7.939793109893799,-0.06927088648080826,0.07152558118104935,-17.149999999999864,288,0.13932255727112075,0.042646324504364785,0.0,0.0350380502641201,7.939793109893799,-0.06927088648080826,0.07152558118104935,0.25,0.06,0.125,3.0,2.0,3e-06,0.4,2e-05,1.0,SAC405,SAC405,SAC405
226,0.0,0.13580292463302612,7.136466979980469,-0.08510368317365646,0.08489004522562027,-17.649999999999693,289,0.044817927780745524,-0.00156754975978647,0.0,0.13580292463302612,7.136466979980469,-0.08510368317365646,0.08489004522562027,0.25,0.04,0.125,9.0,1.5,9e-06,0.4,2e-05,1.0,SAC305,SAC205,SAC205
250,0.0,0.13580292463302612,7.136466979980469,-0.08510368317365646,0.08489004522562027,-17.649999999999693,290,0.044817927780745524,-0.00156754975978647,0.0,0.13580292463302612,7.136466979980469,-0.08510368317365646,0.08489004522562027,0.25,0.04,0.125,9.0,1.5,9e-06,0.4,2e-05,1.0,SAC305,SAC205,SAC205
291,0.009402665309607983,0.04561834782361984,6.772101879119873,-0.06729476898908615,0.040072277188301086,-17.899999999999864,291,0.06649211424721692,0.03550106048877548,0.009402665309607983,0.04561834782361984,6.772101879119873,-0.06729476898908615,0.040072277188301086,0.25,0.06,0.125,3.0,1.5,3e-06,0.4,2e-05,1.0,SAC305,SAC305,SAC405
267,0.009991900064051151,0.07514943927526474,6.617852687835693,-0.06976235657930374,0.034912366420030594,-18.500000000000114,292,0.04881481222705548,0.015769871078736772,0.009991900064051151,0.07514943927526474,6.617852687835693,-0.06976235657930374,0.034912366420030594,0.25,0.04,0.125,3.0,1.5,3e-06,0.4,2e-05,1.0,SAC305,SAC205,SAC405
228,0.009991900064051151,0.07514943927526474,6.617852687835693,-0.06976235657930374,0.034912366420030594,-18.500000000000114,293,0.04881481222705548,0.015769871078736772,0.009991900064051151,0.07514943927526474,6.617852687835693,-0.06976235657930374,0.034912366420030594,0.25,0.04,0.125,3.0,1.5,3e-06,0.4,2e-05,1.0,SAC305,SAC205,SAC405
489,0.0,0.15354962646961212,7.204206466674805,-0.0846208930015564,0.07448210567235947,-19.5499999999995,294,0.04959001582226938,-0.020725551397379992,0.0,0.15354962646961212,7.204206466674805,-0.0846208930015564,0.07448210567235947,0.25,0.04,0.125,6.0,1.0,9e-06,0.4,2e-05,1.0,SAC305,SAC205,SAC205
164,0.0,0.15354962646961212,7.204206466674805,-0.0846208930015564,0.07448210567235947,-19.5499999999995,295,0.04959001582226938,-0.020725551397379992,0.0,0.15354962646961212,7.204206466674805,-0.0846208930015564,0.07448210567235947,0.25,0.04,0.125,6.0,1.0,9e-06,0.4,2e-05,1.0,SAC305,SAC205,SAC205
314,0.0,0.14481280744075775,7.216543197631836,-0.08414296805858612,0.07486419379711151,-19.649999999999523,296,0.05238434988755983,-0.015873568368630527,0.0,0.14481280744075775,7.216543197631836,-0.08414296805858612,0.07486419379711151,0.25,0.04,0.125,3.0,1.0,9e-06,0.4,2e-05,1.0,SAC305,SAC205,SAC205
263,0.009840906597673893,0.13156507909297943,5.468584060668945,-0.07970943301916122,0.06152321398258209,-20.799999999999898,297,-0.03266884514351669,0.025504751869085414,0.009840906597673893,0.13156507909297943,5.468584060668945,-0.07970943301916122,0.06152321398258209,0.25,0.06,0.125,6.0,1.5,6e-06,0.4,2e-05,1.0,SAC305,SAC205,SAC205
42,0.005702512804418802,0.3497781753540039,4.6221442222595215,-0.063707634806633,0.015688443556427956,-20.950000000000443,298,-0.008855106098172074,-0.06272609596378727,0.005702512804418802,0.3497781753540039,4.6221442222595215,-0.063707634806633,0.015688443556427956,0.25,0.06,0.125,3.0,2.0,6e-06,0.4,3e-05,1.5,SAC305,SAC105,SAC205
327,0.0,0.08913669735193253,7.644294261932373,-0.08096831291913986,0.07659550756216049,-23.199999999999818,299,0.08301057866382808,0.006203371744588435,0.0,0.08913669735193253,7.644294261932373,-0.08096831291913986,0.07659550756216049,0.25,0.06,0.125,3.0,1.5,6e-06,0.4,2e-05,1.0,SAC305,SAC405,SAC205
193,0.0,0.13580292463302612,7.221014976501465,-0.08510368317365646,0.07684390991926193,-24.849999999999852,300,0.050055440943046536,-0.012019731418917323,0.0,0.13580292463302612,7.221014976501465,-0.08510368317365646,0.07684390991926193,0.25,0.04,0.125,9.0,2.0,9e-06,0.4,2e-05,1.0,SAC305,SAC205,SAC205
337,0.002841695211827755,0.20629441738128662,5.999804496765137,-0.05902060866355896,0.004739290568977594,-24.950000000000216,301,0.08765621198684079,-0.034817673187098205,0.002841695211827755,0.20629441738128662,5.999804496765137,-0.05902060866355896,0.004739290568977594,0.5,0.04,0.125,9.0,1.0,3e-06,0.4,2.5e-05,2.0,SAC305,SAC105,SAC305
474,0.002841695211827755,0.20629441738128662,5.999804496765137,-0.05902060866355896,0.004739290568977594,-24.950000000000216,302,0.08765621198684079,-0.034817673187098205,0.002841695211827755,0.20629441738128662,5.999804496765137,-0.05902060866355896,0.004739290568977594,0.5,0.04,0.125,9.0,1.0,3e-06,0.4,2.5e-05,2.0,SAC305,SAC105,SAC305
142,0.0,0.21370762586593628,5.69398307800293,-0.08171234279870987,0.08259144425392151,-25.899999999999636,303,-0.002146889620045131,0.004055344489659816,0.0,0.21370762586593628,5.69398307800293,-0.08171234279870987,0.08259144425392151,0.25,0.06,0.125,9.0,1.5,6e-06,0.4,2.5e-05,1.0,SAC305,SAC205,SAC205
157,0.011492419987916946,0.007581064943224192,5.121377944946289,-0.01720794290304184,0.012277718633413315,-26.69999999999976,304,0.17632557324098821,0.1809673453629394,0.011492419987916946,0.007581064943224192,5.121377944946289,-0.01720794290304184,0.012277718633413315,0.25,0.06,0.125,3.0,1.5,3e-06,1.2,2.5e-05,1.5,SAC405,SAC105,SAC105
73,0.011492419987916946,0.007581064943224192,5.121377944946289,-0.01720794290304184,0.012277718633413315,-26.69999999999976,305,0.17632557324098821,0.1809673453629394,0.011492419987916946,0.007581064943224192,5.121377944946289,-0.01720794290304184,0.012277718633413315,0.25,0.06,0.125,3.0,1.5,3e-06,1.2,2.5e-05,1.5,SAC405,SAC105,SAC105
377,0.00769644882529974,0.0638628751039505,4.901512145996094,-0.017552906647324562,0.015300973318517208,-28.549999999998988,306,0.17816701374005559,0.16327291608613267,0.00769644882529974,0.0638628751039505,4.901512145996094,-0.017552906647324562,0.015300973318517208,0.5,0.06,0.125,3.0,2.0,3e-06,1.2,2.5e-05,1.5,SAC305,SAC105,SAC405
262,0.00769644882529974,0.0638628751039505,4.901512145996094,-0.017552906647324562,0.015300973318517208,-28.549999999998988,307,0.17816701374005559,0.16327291608613267,0.00769644882529974,0.0638628751039505,4.901512145996094,-0.017552906647324562,0.015300973318517208,0.5,0.06,0.125,3.0,2.0,3e-06,1.2,2.5e-05,1.5,SAC305,SAC105,SAC405
128,0.012298899702727795,0.08941198140382767,5.392913818359375,-0.06740202009677887,0.040977586060762405,-28.599999999998943,308,0.00041297323509779824,0.04923728443471265,0.012298899702727795,0.08941198140382767,5.392913818359375,-0.06740202009677887,0.040977586060762405,0.25,0.06,0.125,6.0,1.5,3e-06,0.4,2e-05,1.0,SAC305,SAC205,SAC305
423,0.0,0.15354962646961212,8.020613670349121,-0.08582819998264313,0.04867704585194588,-28.650000000000205,309,0.08149988001644745,-0.06989053890284545,0.0,0.15354962646961212,8.020613670349121,-0.08582819998264313,0.04867704585194588,0.25,0.04,0.125,6.0,2.0,9e-06,0.4,2e-05,1.0,SAC305,SAC305,SAC205
215,0.005982890725135803,0.23487237095832825,5.0113749504089355,-0.05702168866991997,0.010929723270237446,-28.850000000000534,310,0.03971506054181139,-0.01280180415075779,0.005982890725135803,0.23487237095832825,5.0113749504089355,-0.05702168866991997,0.010929723270237446,0.5,0.06,0.125,3.0,1.0,3e-06,0.4,2.5e-05,1.0,SAC305,SAC105,SAC405
464,0.0,0.13580292463302612,7.988397121429443,-0.08619768917560577,0.05418572947382927,-28.950000000000387,311,0.07958355363094552,-0.05628408393350948,0.0,0.13580292463302612,7.988397121429443,-0.08619768917560577,0.05418572947382927,0.25,0.04,0.125,9.0,2.0,9e-06,0.4,2e-05,1.0,SAC305,SAC305,SAC205
319,0.0,0.2271021604537964,6.640515327453613,-0.08241286128759384,0.04897667467594147,-29.249999999999716,312,0.03592527342836045,-0.060424062332053094,0.0,0.2271021604537964,6.640515327453613,-0.08241286128759384,0.04897667467594147,0.25,0.06,0.125,9.0,2.0,6e-06,0.4,2.5e-05,1.5,SAC205,SAC305,SAC405
325,0.009997955523431301,0.029309209436178207,4.816319465637207,-0.039113759994506836,0.04230773076415062,-29.39999999999958,313,0.08496368689055428,0.1540339851468656,0.009997955523431301,0.029309209436178207,4.816319465637207,-0.039113759994506836,0.04230773076415062,0.25,0.06,0.125,3.0,1.5,6e-06,0.8,2e-05,1.0,SAC205,SAC105,SAC305
338,0.011857895180583,0.17632831633090973,5.2710747718811035,-0.06262759119272232,0.005021084100008011,-30.099999999999568,314,0.012759432674805603,-0.011968880270759251,0.011857895180583,0.17632831633090973,5.2710747718811035,-0.06262759119272232,0.005021084100008011,0.25,0.04,0.125,9.0,1.0,3e-06,0.4,3e-05,1.0,SAC305,SAC105,SAC405
238,0.0031386283226311207,0.1386656016111374,5.562744617462158,-0.08195283263921738,0.08715846389532089,-30.64999999999992,315,-0.013370033482377862,0.042023102392593104,0.0031386283226311207,0.1386656016111374,5.562744617462158,-0.08195283263921738,0.08715846389532089,0.25,0.06,0.125,9.0,1.5,6e-06,0.4,2e-05,1.0,SAC305,SAC205,SAC305
473,0.0031386283226311207,0.1386656016111374,5.562744617462158,-0.08195283263921738,0.08715846389532089,-30.64999999999992,316,-0.013370033482377862,0.042023102392593104,0.0031386283226311207,0.1386656016111374,5.562744617462158,-0.08195283263921738,0.08715846389532089,0.25,0.06,0.125,9.0,1.5,6e-06,0.4,2e-05,1.0,SAC305,SAC205,SAC305
334,0.012298899702727795,0.08941198140382767,5.47091817855835,-0.06755606830120087,0.036920610815286636,-32.14999999999884,317,0.0038360825229324562,0.042792684760613764,0.012298899702727795,0.08941198140382767,5.47091817855835,-0.06755606830120087,0.036920610815286636,0.25,0.06,0.125,6.0,2.0,3e-06,0.4,2e-05,1.0,SAC305,SAC205,SAC305
439,0.012298899702727795,0.08941198140382767,5.47091817855835,-0.06755606830120087,0.036920610815286636,-32.14999999999884,318,0.0038360825229324562,0.042792684760613764,0.012298899702727795,0.08941198140382767,5.47091817855835,-0.06755606830120087,0.036920610815286636,0.25,0.06,0.125,6.0,2.0,3e-06,0.4,2e-05,1.0,SAC305,SAC205,SAC305
69,0.008983994834125042,0.19233819842338562,5.2710747718811035,-0.06262759119272232,0.005021084100008011,-32.449999999999875,319,0.02444501160570238,-0.01858903619270713,0.008983994834125042,0.19233819842338562,5.2710747718811035,-0.06262759119272232,0.005021084100008011,0.25,0.04,0.125,9.0,1.0,3e-06,0.4,3e-05,1.0,SAC305,SAC105,SAC105
92,0.0,0.17256762087345123,7.316125392913818,-0.048849161714315414,-0.013127163052558899,-32.800000000000125,320,0.1928583519671356,-0.05122256486676279,0.0,0.17256762087345123,7.316125392913818,-0.048849161714315414,-0.013127163052558899,0.25,0.06,0.125,9.0,2.0,9e-06,0.8,2.5e-05,1.5,SAC205,SAC305,SAC305
311,0.0,0.17256762087345123,7.316125392913818,-0.048849161714315414,-0.013127163052558899,-32.800000000000125,321,0.1928583519671356,-0.05122256486676279,0.0,0.17256762087345123,7.316125392913818,-0.048849161714315414,-0.013127163052558899,0.25,0.06,0.125,9.0,2.0,9e-06,0.8,2.5e-05,1.5,SAC205,SAC305,SAC305
476,0.0,0.14481280744075775,8.020628929138184,-0.08513735979795456,0.045058723539114,-32.85000000000002,322,0.08548731364726103,-0.06818843862807684,0.0,0.14481280744075775,8.020628929138184,-0.08513735979795456,0.045058723539114,0.25,0.04,0.125,3.0,1.5,9e-06,0.4,2e-05,1.0,SAC305,SAC305,SAC205
410,0.0,0.14481280744075775,8.020628929138184,-0.08513735979795456,0.045058723539114,-32.85000000000002,323,0.08548731364726103,-0.06818843862807684,0.0,0.14481280744075775,8.020628929138184,-0.08513735979795456,0.045058723539114,0.25,0.04,0.125,3.0,1.5,9e-06,0.4,2e-05,1.0,SAC305,SAC305,SAC205
138,0.0,0.18992258608341217,5.984935760498047,-0.045233793556690216,0.006547573953866959,-33.900000000000034,324,0.1473034627788605,0.0036691718507627226,0.0,0.18992258608341217,5.984935760498047,-0.045233793556690216,0.006547573953866959,0.25,0.04,0.125,9.0,1.5,9e-06,0.8,2e-05,1.5,SAC305,SAC105,SAC305
173,0.0,0.18992258608341217,5.984935760498047,-0.045233793556690216,0.006547573953866959,-33.900000000000034,325,0.1473034627788605,0.0036691718507627226,0.0,0.18992258608341217,5.984935760498047,-0.045233793556690216,0.006547573953866959,0.25,0.04,0.125,9.0,1.5,9e-06,0.8,2e-05,1.5,SAC305,SAC105,SAC305
25,0.0,0.07672145962715149,8.645822525024414,-0.05260518938302994,5.810291986563243e-05,-33.94999999999965,326,0.23871821119241812,-0.035587117331001804,0.0,0.07672145962715149,8.645822525024414,-0.05260518938302994,5.810291986563243e-05,0.25,0.06,0.125,9.0,2.0,9e-06,0.8,2e-05,1.0,SAC305,SAC405,SAC305
297,0.0,0.07672145962715149,8.645822525024414,-0.05260518938302994,5.810291986563243e-05,-33.94999999999965,327,0.23871821119241812,-0.035587117331001804,0.0,0.07672145962715149,8.645822525024414,-0.05260518938302994,5.810291986563243e-05,0.25,0.06,0.125,9.0,2.0,9e-06,0.8,2e-05,1.0,SAC305,SAC405,SAC305
264,0.008088191039860249,0.03476152941584587,4.77734899520874,-0.03932667523622513,0.04333960637450218,-34.699999999999704,328,0.09078450027025463,0.15199392880671295,0.008088191039860249,0.03476152941584587,4.77734899520874,-0.03932667523622513,0.04333960637450218,0.25,0.06,0.125,3.0,2.0,6e-06,0.8,2e-05,1.5,SAC205,SAC105,SAC305
286,0.0,0.17029999196529388,8.068053245544434,-0.08535027503967285,0.03423568233847618,-35.09999999999985,329,0.08665546865169836,-0.09196507205937883,0.0,0.17029999196529388,8.068053245544434,-0.08535027503967285,0.03423568233847618,0.25,0.04,0.125,3.0,2.0,9e-06,0.4,2e-05,1.0,SAC405,SAC305,SAC405
450,0.0,0.22883941233158112,4.7908935546875,-0.07387493550777435,0.07613693177700043,-35.5499999999995,330,-0.00849196461415881,0.02803491660883958,0.0,0.22883941233158112,4.7908935546875,-0.07387493550777435,0.07613693177700043,0.25,0.06,0.125,9.0,1.0,9e-06,0.4,2.5e-05,1.0,SAC305,SAC105,SAC205
419,0.0,0.22883941233158112,4.7908935546875,-0.07387493550777435,0.07613693177700043,-35.5499999999995,331,-0.00849196461415881,0.02803491660883958,0.0,0.22883941233158112,4.7908935546875,-0.07387493550777435,0.07613693177700043,0.25,0.06,0.125,9.0,1.0,9e-06,0.4,2.5e-05,1.0,SAC305,SAC105,SAC205
444,0.003666405100375414,0.21284668147563934,5.521544456481934,-0.0773766040802002,0.039949409663677216,-35.900000000000034,332,0.00147719760182683,-0.026577056686608317,0.003666405100375414,0.21284668147563934,5.521544456481934,-0.0773766040802002,0.039949409663677216,0.25,0.06,0.125,3.0,1.5,6e-06,0.4,2.5e-05,2.0,SAC205,SAC205,SAC405
79,0.006972989998757839,0.2240794152021408,5.2710747718811035,-0.06262759119272232,0.005021084100008011,-37.65000000000015,333,0.03001609749355128,-0.03201277431598322,0.006972989998757839,0.2240794152021408,5.2710747718811035,-0.06262759119272232,0.005021084100008011,0.25,0.04,0.125,9.0,1.0,3e-06,0.4,3e-05,1.0,SAC405,SAC105,SAC105
402,0.0,0.13556279242038727,7.841562747955322,-0.08286260813474655,0.043255142867565155,-38.39999999999981,334,0.0876894894714356,-0.0569198042753605,0.0,0.13556279242038727,7.841562747955322,-0.08286260813474655,0.043255142867565155,0.25,0.04,0.125,3.0,1.5,6e-06,0.4,2e-05,1.0,SAC305,SAC305,SAC205
271,0.00684747938066721,0.14203694462776184,4.756397724151611,-0.03207292780280113,0.0041479566134512424,-38.64999999999901,335,0.11918367279065055,0.08134598334054871,0.00684747938066721,0.14203694462776184,4.756397724151611,-0.03207292780280113,0.0041479566134512424,0.25,0.06,0.125,3.0,2.0,9e-06,1.2,2.5e-05,1.0,SAC405,SAC105,SAC405
251,0.005811378825455904,0.1511494219303131,4.756397724151611,-0.03207292780280113,0.0041479566134512424,-39.5999999999994,336,0.12305787887317846,0.07722987612875026,0.005811378825455904,0.1511494219303131,4.756397724151611,-0.03207292780280113,0.0041479566134512424,0.25,0.06,0.125,3.0,2.0,9e-06,1.2,2.5e-05,1.5,SAC205,SAC105,SAC405
241,0.0,0.11430530995130539,5.899442195892334,-0.0826784297823906,0.12550094723701477,-39.599999999999966,337,0.0006384977313695021,0.08442787612693324,0.0,0.11430530995130539,5.899442195892334,-0.0826784297823906,0.12550094723701477,0.25,0.06,0.125,9.0,1.0,9e-06,0.4,2e-05,1.0,SAC305,SAC205,SAC205
278,0.0,0.11430530995130539,5.899442195892334,-0.0826784297823906,0.12550094723701477,-39.599999999999966,338,0.0006384977313695021,0.08442787612693324,0.0,0.11430530995130539,5.899442195892334,-0.0826784297823906,0.12550094723701477,0.25,0.06,0.125,9.0,1.0,9e-06,0.4,2e-05,1.0,SAC305,SAC205,SAC205
418,0.003666405100375414,0.21284668147563934,5.591454029083252,-0.0779164656996727,0.036683015525341034,-39.700000000000045,339,0.003238755422894866,-0.03252639475005597,0.003666405100375414,0.21284668147563934,5.591454029083252,-0.0779164656996727,0.036683015525341034,0.25,0.06,0.125,3.0,2.0,6e-06,0.4,2.5e-05,2.0,SAC205,SAC205,SAC405
224,0.003666405100375414,0.21284668147563934,5.591454029083252,-0.0779164656996727,0.036683015525341034,-39.700000000000045,340,0.003238755422894866,-0.03252639475005597,0.003666405100375414,0.21284668147563934,5.591454029083252,-0.0779164656996727,0.036683015525341034,0.25,0.06,0.125,3.0,2.0,6e-06,0.4,2.5e-05,2.0,SAC205,SAC205,SAC405
293,0.0,0.08913669735193253,7.688070774078369,-0.08172108978033066,0.06158900633454323,-39.999999999999204,341,0.08591595577739986,-0.012189921912763609,0.0,0.08913669735193253,7.688070774078369,-0.08172108978033066,0.06158900633454323,0.25,0.06,0.125,3.0,2.0,6e-06,0.4,2e-05,1.0,SAC305,SAC405,SAC205
257,0.0,0.22883941233158112,5.911241054534912,-0.08269594609737396,0.05832908675074577,-40.25000000000006,342,0.008066103948108255,-0.03423233534230301,0.0,0.22883941233158112,5.911241054534912,-0.08269594609737396,0.05832908675074577,0.25,0.06,0.125,9.0,1.5,9e-06,0.4,2.5e-05,1.0,SAC305,SAC205,SAC205
457,0.0,0.15354962646961212,7.113247871398926,-0.08433161675930023,0.054959241300821304,-41.19999999999976,343,0.05290622211071259,-0.03774466635384644,0.0,0.15354962646961212,7.113247871398926,-0.08433161675930023,0.054959241300821304,0.25,0.04,0.125,6.0,1.5,9e-06,0.4,2e-05,1.0,SAC305,SAC205,SAC205
162,0.0,0.15354962646961212,7.113247871398926,-0.08433161675930023,0.054959241300821304,-41.19999999999976,344,0.05290622211071259,-0.03774466635384644,0.0,0.15354962646961212,7.113247871398926,-0.08433161675930023,0.054959241300821304,0.25,0.04,0.125,6.0,1.5,9e-06,0.4,2e-05,1.0,SAC305,SAC205,SAC205
234,0.005811378825455904,0.1511494219303131,4.890279293060303,-0.03186001256108284,0.0003452438395470381,-41.649999999999466,345,0.12985027977852215,0.07034958318164175,0.005811378825455904,0.1511494219303131,4.890279293060303,-0.03186001256108284,0.0003452438395470381,0.25,0.06,0.125,3.0,1.5,9e-06,1.2,2.5e-05,1.5,SAC205,SAC105,SAC405
266,0.0133739672601223,0.06770724058151245,5.4950127601623535,-0.0684325248003006,0.03655055910348892,-42.09999999999883,346,-2.2047077669399108e-05,0.048755844088025864,0.0133739672601223,0.06770724058151245,5.4950127601623535,-0.0684325248003006,0.03655055910348892,0.25,0.06,0.125,9.0,1.5,3e-06,0.4,2e-05,1.0,SAC305,SAC205,SAC305
211,0.0,0.0,4.999235153198242,-0.027858585119247437,0.07266350835561752,-43.44999999999976,347,0.17183858194230403,0.22409480115765135,0.0,0.0,4.999235153198242,-0.027858585119247437,0.07266350835561752,0.25,0.06,0.125,3.0,1.0,6e-06,1.2,2e-05,1.0,SAC205,SAC105,SAC105
203,0.0,0.2671440541744232,5.513925075531006,-0.07458683848381042,0.036530233919620514,-44.39999999999992,348,0.02062668186662042,-0.04705302487259291,0.0,0.2671440541744232,5.513925075531006,-0.07458683848381042,0.036530233919620514,0.25,0.04,0.125,9.0,2.0,9e-06,0.4,2.5e-05,2.0,SAC305,SAC105,SAC305
389,0.00042393626063130796,0.17101575434207916,5.984935760498047,-0.045233793556690216,0.006547573953866959,-44.49999999999994,349,0.1468773064976708,0.01189429448487041,0.00042393626063130796,0.17101575434207916,5.984935760498047,-0.045233793556690216,0.006547573953866959,0.25,0.04,0.125,9.0,1.5,9e-06,0.8,2e-05,1.0,SAC305,SAC105,SAC305
268,0.0,0.07729975879192352,8.104240417480469,-0.07102467119693756,0.03102252446115017,-44.749999999999034,350,0.14410032987823815,-0.027097470175283182,0.0,0.07729975879192352,8.104240417480469,-0.07102467119693756,0.03102252446115017,0.25,0.04,0.125,3.0,1.0,3e-06,0.4,2e-05,1.0,SAC405,SAC305,SAC405
436,0.0,0.07729975879192352,8.104240417480469,-0.07102467119693756,0.03102252446115017,-44.749999999999034,351,0.14410032987823815,-0.027097470175283182,0.0,0.07729975879192352,8.104240417480469,-0.07102467119693756,0.03102252446115017,0.25,0.04,0.125,3.0,1.0,3e-06,0.4,2e-05,1.0,SAC405,SAC305,SAC405
359,0.0,0.14481280744075775,7.082546234130859,-0.08385369181632996,0.05328654125332832,-44.749999999999716,352,0.054741278674014036,-0.03398645201338,0.0,0.14481280744075775,7.082546234130859,-0.08385369181632996,0.05328654125332832,0.25,0.04,0.125,3.0,1.5,9e-06,0.4,2e-05,1.0,SAC305,SAC205,SAC205
336,0.0,0.14481280744075775,7.082546234130859,-0.08385369181632996,0.05328654125332832,-44.749999999999716,353,0.054741278674014036,-0.03398645201338,0.0,0.14481280744075775,7.082546234130859,-0.08385369181632996,0.05328654125332832,0.25,0.04,0.125,3.0,1.5,9e-06,0.4,2e-05,1.0,SAC305,SAC205,SAC205
363,0.0,0.22883941233158112,6.76940393447876,-0.08339646458625793,0.03505445271730423,-44.89999999999981,354,0.04122634195777416,-0.07979357804646736,0.0,0.22883941233158112,6.76940393447876,-0.08339646458625793,0.03505445271730423,0.25,0.06,0.125,9.0,2.0,9e-06,0.4,2.5e-05,1.0,SAC305,SAC305,SAC205
99,0.0,0.35763832926750183,5.548159122467041,-0.07073251157999039,0.013454855419695377,-45.24999999999932,355,0.029038708011846458,-0.10442347752958696,0.0,0.35763832926750183,5.548159122467041,-0.07073251157999039,0.013454855419695377,0.25,0.04,0.125,6.0,2.0,9e-06,0.4,3e-05,1.0,SAC305,SAC105,SAC205
477,0.0,0.35763832926750183,5.548159122467041,-0.07073251157999039,0.013454855419695377,-45.24999999999932,356,0.029038708011846458,-0.10442347752958696,0.0,0.35763832926750183,5.548159122467041,-0.07073251157999039,0.013454855419695377,0.25,0.04,0.125,6.0,2.0,9e-06,0.4,3e-05,1.0,SAC305,SAC105,SAC205
375,0.0,0.05378410592675209,6.792668342590332,-0.03336997702717781,0.014749422669410706,-46.100000000000534,357,0.23209461790714372,0.08048769193115453,0.0,0.05378410592675209,6.792668342590332,-0.03336997702717781,0.014749422669410706,0.25,0.06,0.125,9.0,1.5,9e-06,1.2,2e-05,1.0,SAC305,SAC205,SAC305
210,0.0,0.05378410592675209,7.6451239585876465,-0.03432591259479523,-0.007830330170691013,-46.7000000000009,358,0.2683657482660278,0.03186063715836118,0.0,0.05378410592675209,7.6451239585876465,-0.03432591259479523,-0.007830330170691013,0.25,0.06,0.125,9.0,2.0,9e-06,1.2,2e-05,1.0,SAC305,SAC305,SAC305
454,0.0,0.05378410592675209,7.6451239585876465,-0.03432591259479523,-0.007830330170691013,-46.7000000000009,359,0.2683657482660278,0.03186063715836118,0.0,0.05378410592675209,7.6451239585876465,-0.03432591259479523,-0.007830330170691013,0.25,0.06,0.125,9.0,2.0,9e-06,1.2,2e-05,1.0,SAC305,SAC305,SAC305
352,0.0,0.21370762586593628,5.748245716094971,-0.08243507891893387,0.0627303496003151,-46.74999999999966,360,0.00417877766837887,-0.01904315086126363,0.0,0.21370762586593628,5.748245716094971,-0.08243507891893387,0.0627303496003151,0.25,0.06,0.125,9.0,2.0,6e-06,0.4,2.5e-05,1.0,SAC305,SAC205,SAC205
452,0.0,0.21370762586593628,5.748245716094971,-0.08243507891893387,0.0627303496003151,-46.74999999999966,361,0.00417877766837887,-0.01904315086126363,0.0,0.21370762586593628,5.748245716094971,-0.08243507891893387,0.0627303496003151,0.25,0.06,0.125,9.0,2.0,6e-06,0.4,2.5e-05,1.0,SAC305,SAC205,SAC205
324,0.01736161857843399,0.07926225662231445,5.296052932739258,-0.06466106325387955,0.015008093789219856,-47.24999999999898,362,-0.009201364413569255,0.034236153840856584,0.01736161857843399,0.07926225662231445,5.296052932739258,-0.06466106325387955,0.015008093789219856,0.25,0.04,0.125,9.0,1.0,3e-06,0.4,2e-05,1.0,SAC305,SAC105,SAC305
105,0.01736161857843399,0.07926225662231445,5.296052932739258,-0.06466106325387955,0.015008093789219856,-47.24999999999898,363,-0.009201364413569255,0.034236153840856584,0.01736161857843399,0.07926225662231445,5.296052932739258,-0.06466106325387955,0.015008093789219856,0.25,0.04,0.125,9.0,1.0,3e-06,0.4,2e-05,1.0,SAC305,SAC105,SAC305
233,0.0,0.12880216538906097,7.288772106170654,-0.04902343079447746,-0.009096209891140461,-48.95000000000033,364,0.1928810373398931,-0.02655841528235547,0.0,0.12880216538906097,7.288772106170654,-0.04902343079447746,-0.009096209891140461,0.5,0.06,0.125,9.0,2.0,9e-06,0.8,2e-05,1.5,SAC305,SAC305,SAC305
197,0.0,0.12880216538906097,7.288772106170654,-0.04902343079447746,-0.009096209891140461,-48.95000000000033,365,0.1928810373398931,-0.02655841528235547,0.0,0.12880216538906097,7.288772106170654,-0.04902343079447746,-0.009096209891140461,0.5,0.06,0.125,9.0,2.0,9e-06,0.8,2e-05,1.5,SAC305,SAC305,SAC305
261,0.0013055265881121159,0.16010236740112305,5.562744617462158,-0.08195283263921738,0.08715846389532089,-49.39999999999975,366,-0.007499607479707433,0.03322845904370091,0.0013055265881121159,0.16010236740112305,5.562744617462158,-0.08195283263921738,0.08715846389532089,0.25,0.06,0.125,9.0,1.5,6e-06,0.4,2e-05,1.5,SAC205,SAC205,SAC305
367,0.0013055265881121159,0.16010236740112305,5.562744617462158,-0.08195283263921738,0.08715846389532089,-49.39999999999975,367,-0.007499607479707433,0.03322845904370091,0.0013055265881121159,0.16010236740112305,5.562744617462158,-0.08195283263921738,0.08715846389532089,0.25,0.06,0.125,9.0,1.5,6e-06,0.4,2e-05,1.5,SAC205,SAC205,SAC305
65,0.00016733237134758383,0.28148454427719116,5.3443217277526855,-0.06093057617545128,0.009812639094889164,-50.84999999999968,368,0.0613371523607323,-0.04961454348738483,0.00016733237134758383,0.28148454427719116,5.3443217277526855,-0.06093057617545128,0.009812639094889164,0.25,0.04,0.125,3.0,1.5,3e-06,0.4,3e-05,1.0,SAC405,SAC105,SAC105
407,0.00016733237134758383,0.28148454427719116,5.312919616699219,-0.06084231659770012,0.010400082916021347,-51.04999999999967,369,0.0603560151824441,-0.04805634679635167,0.00016733237134758383,0.28148454427719116,5.312919616699219,-0.06084231659770012,0.010400082916021347,0.25,0.04,0.125,3.0,1.0,3e-06,0.4,3e-05,1.0,SAC405,SAC105,SAC105
188,0.0,0.14156386256217957,7.553965091705322,-0.07883135229349136,0.02948680892586708,-51.899999999999636,370,0.09297113228320854,-0.05819937212226319,0.0,0.14156386256217957,7.553965091705322,-0.07883135229349136,0.02948680892586708,0.5,0.06,0.125,3.0,2.0,9e-06,0.4,2e-05,1.5,SAC405,SAC305,SAC205
167,0.0,0.14156386256217957,7.553965091705322,-0.07883135229349136,0.02948680892586708,-51.899999999999636,371,0.09297113228320854,-0.05819937212226319,0.0,0.14156386256217957,7.553965091705322,-0.07883135229349136,0.02948680892586708,0.5,0.06,0.125,3.0,2.0,9e-06,0.4,2e-05,1.5,SAC405,SAC305,SAC205
321,0.0,0.2671440541744232,5.449150085449219,-0.0744803249835968,0.03064114972949028,-52.44999999999982,372,0.020675207500905304,-0.05100089889261442,0.0,0.2671440541744232,5.449150085449219,-0.0744803249835968,0.03064114972949028,0.25,0.04,0.125,9.0,1.0,9e-06,0.4,2.5e-05,2.0,SAC305,SAC105,SAC305
198,0.0074338242411613464,0.011248715221881866,4.948235988616943,-0.01849331334233284,0.016602417454123497,-52.74999999999932,373,0.18078677776730773,0.180827544096158,0.0074338242411613464,0.011248715221881866,4.948235988616943,-0.01849331334233284,0.016602417454123497,0.5,0.06,0.125,3.0,2.0,3e-06,1.2,2e-05,1.5,SAC405,SAC105,SAC105
195,0.0066999755799770355,0.19337351620197296,5.308356285095215,-0.06400568783283234,0.00566154345870018,-52.79999999999961,374,0.032006408514148654,-0.021791068883202633,0.0066999755799770355,0.19337351620197296,5.308356285095215,-0.06400568783283234,0.00566154345870018,0.25,0.04,0.125,9.0,1.0,3e-06,0.4,2.5e-05,1.0,SAC305,SAC105,SAC105
467,0.0,0.22883941233158112,5.946685314178467,-0.08341868221759796,0.04919152334332466,-53.39999999999992,375,0.010096744280138806,-0.045433376049064805,0.0,0.22883941233158112,5.946685314178467,-0.08341868221759796,0.04919152334332466,0.25,0.06,0.125,9.0,2.0,9e-06,0.4,2.5e-05,1.0,SAC305,SAC205,SAC205
408,0.0,0.22883941233158112,5.946685314178467,-0.08341868221759796,0.04919152334332466,-53.39999999999992,376,0.010096744280138806,-0.045433376049064805,0.0,0.22883941233158112,5.946685314178467,-0.08341868221759796,0.04919152334332466,0.25,0.06,0.125,9.0,2.0,9e-06,0.4,2.5e-05,1.0,SAC305,SAC205,SAC205
328,0.0,0.13556279242038727,7.896396636962891,-0.08307552337646484,0.03144874796271324,-53.549999999999784,377,0.09180115265225264,-0.07021185241797566,0.0,0.13556279242038727,7.896396636962891,-0.08307552337646484,0.03144874796271324,0.25,0.04,0.125,3.0,2.0,6e-06,0.4,2e-05,1.0,SAC305,SAC305,SAC205
493,0.004987915977835655,0.11736968904733658,5.678564548492432,-0.08249269425868988,0.06594070047140121,-53.59999999999968,378,-0.009933739868134516,0.024753368492544784,0.004987915977835655,0.11736968904733658,5.678564548492432,-0.08249269425868988,0.06594070047140121,0.25,0.06,0.125,9.0,2.0,6e-06,0.4,2e-05,1.0,SAC305,SAC205,SAC205
191,0.0,0.11430530995130539,8.280056953430176,-0.0863431990146637,0.03979836776852608,-53.7000000000001,379,0.09512128280670017,-0.06855238425054884,0.0,0.11430530995130539,8.280056953430176,-0.0863431990146637,0.03979836776852608,0.25,0.06,0.125,9.0,2.0,9e-06,0.4,2e-05,1.0,SAC305,SAC405,SAC205
369,0.014403972774744034,0.10127507895231247,5.296052932739258,-0.06466106325387955,0.015008093789219856,-54.999999999998636,380,0.002103517335909076,0.024943918932115533,0.014403972774744034,0.10127507895231247,5.296052932739258,-0.06466106325387955,0.015008093789219856,0.25,0.04,0.125,9.0,1.0,3e-06,0.4,2e-05,2.0,SAC305,SAC105,SAC305
448,0.0,0.22205540537834167,4.619954586029053,-0.032895222306251526,0.0027857006061822176,-55.10000000000019,381,0.13508464380085852,0.045603813797985136,0.0,0.22205540537834167,4.619954586029053,-0.032895222306251526,0.0027857006061822176,0.5,0.06,0.125,3.0,2.0,9e-06,1.2,2.5e-05,1.5,SAC405,SAC105,SAC105
362,0.000974631286226213,0.14990049600601196,4.486625671386719,-0.0672522783279419,0.0825284942984581,-55.999999999999886,382,0.004358364292494323,0.08709163753168939,0.000974631286226213,0.14990049600601196,4.486625671386719,-0.0672522783279419,0.0825284942984581,0.25,0.06,0.125,6.0,1.0,6e-06,0.4,2e-05,1.5,SAC205,SAC105,SAC305
246,0.00510149821639061,0.13102899491786957,4.761618614196777,-0.03250151127576828,0.0012351252371445298,-56.099999999999284,383,0.12725631192040987,0.08041654699560172,0.00510149821639061,0.13102899491786957,4.761618614196777,-0.03250151127576828,0.0012351252371445298,0.75,0.06,0.125,3.0,2.0,9e-06,1.2,2e-05,1.0,SAC205,SAC105,SAC305
341,0.0,0.26362961530685425,5.7539472579956055,-0.0774451345205307,0.027751881629228592,-56.14999999999975,384,0.02331250003885214,-0.06534402540886886,0.0,0.26362961530685425,5.7539472579956055,-0.0774451345205307,0.027751881629228592,0.25,0.06,0.125,6.0,2.0,6e-06,0.4,3e-05,1.5,SAC205,SAC205,SAC205
443,0.0,0.26362961530685425,5.7539472579956055,-0.0774451345205307,0.027751881629228592,-56.14999999999975,385,0.02331250003885214,-0.06534402540886886,0.0,0.26362961530685425,5.7539472579956055,-0.0774451345205307,0.027751881629228592,0.25,0.06,0.125,6.0,2.0,6e-06,0.4,3e-05,1.5,SAC205,SAC205,SAC205
208,0.0008032374316826463,0.21134671568870544,4.619954586029053,-0.032895222306251526,0.0027857006061822176,-56.30000000000018,386,0.13241057379103163,0.0502614329302843,0.0008032374316826463,0.21134671568870544,4.619954586029053,-0.032895222306251526,0.0027857006061822176,0.5,0.06,0.125,3.0,2.0,9e-06,1.2,2.5e-05,1.5,SAC405,SAC105,SAC405
304,0.0008032374316826463,0.21134671568870544,4.619954586029053,-0.032895222306251526,0.0027857006061822176,-56.30000000000018,387,0.13241057379103163,0.0502614329302843,0.0008032374316826463,0.21134671568870544,4.619954586029053,-0.032895222306251526,0.0027857006061822176,0.5,0.06,0.125,3.0,2.0,9e-06,1.2,2.5e-05,1.5,SAC405,SAC105,SAC405
204,0.003985643852502108,0.0,5.218256950378418,-0.01851174607872963,0.019428817555308342,-56.39999999999975,388,0.20683484707577096,0.18072049098841156,0.003985643852502108,0.0,5.218256950378418,-0.01851174607872963,0.019428817555308342,0.25,0.06,0.125,3.0,1.5,3e-06,1.2,2e-05,1.5,SAC405,SAC105,SAC105
170,0.003985643852502108,0.0,5.218256950378418,-0.01851174607872963,0.019428817555308342,-56.39999999999975,389,0.20683484707577096,0.18072049098841156,0.003985643852502108,0.0,5.218256950378418,-0.01851174607872963,0.019428817555308342,0.25,0.06,0.125,3.0,1.5,3e-06,1.2,2e-05,1.5,SAC405,SAC105,SAC105
27,0.0,0.25984758138656616,5.069807529449463,-0.05702168866991997,0.010579017922282219,-57.65000000000009,390,0.06682226645375172,-0.024826815224737692,0.0,0.25984758138656616,5.069807529449463,-0.05702168866991997,0.010579017922282219,0.5,0.06,0.125,3.0,1.5,3e-06,0.4,2.5e-05,1.0,SAC405,SAC105,SAC405
163,0.0,0.25984758138656616,5.069807529449463,-0.05702168866991997,0.010579017922282219,-57.65000000000009,391,0.06682226645375172,-0.024826815224737692,0.0,0.25984758138656616,5.069807529449463,-0.05702168866991997,0.010579017922282219,0.5,0.06,0.125,3.0,1.5,3e-06,0.4,2.5e-05,1.0,SAC405,SAC105,SAC405
432,0.0,0.15354962646961212,7.242757320404053,-0.08433161675930023,0.040378157049417496,-57.749999999999886,392,0.06125903837257157,-0.055225637911847834,0.0,0.15354962646961212,7.242757320404053,-0.08433161675930023,0.040378157049417496,0.25,0.04,0.125,6.0,2.0,9e-06,0.4,2e-05,1.0,SAC305,SAC205,SAC205
427,0.006858492270112038,0.11251478642225266,4.761618614196777,-0.03250151127576828,0.0012351252371445298,-58.549999999998704,393,0.12106730002720724,0.08849374797642663,0.006858492270112038,0.11251478642225266,4.761618614196777,-0.03250151127576828,0.0012351252371445298,0.75,0.06,0.125,3.0,2.0,9e-06,1.2,2e-05,1.5,SAC205,SAC105,SAC105
229,0.002759614260867238,0.21842002868652344,5.308356285095215,-0.06400568783283234,0.00566154345870018,-58.95000000000033,394,0.04714438593964073,-0.03188440080233469,0.002759614260867238,0.21842002868652344,5.308356285095215,-0.06400568783283234,0.00566154345870018,0.25,0.04,0.125,9.0,1.0,3e-06,0.4,2.5e-05,1.0,SAC405,SAC105,SAC105
462,0.0133739672601223,0.06770724058151245,5.595439910888672,-0.0685865730047226,0.02508225291967392,-59.14999999999878,395,0.006519947835257624,0.0339614962131957,0.0133739672601223,0.06770724058151245,5.595439910888672,-0.0685865730047226,0.02508225291967392,0.25,0.06,0.125,9.0,2.0,3e-06,0.4,2e-05,1.0,SAC305,SAC205,SAC305
395,0.0,0.1304037719964981,6.02032995223999,-0.03196217492222786,-0.009731580503284931,-59.15000000000043,396,0.20344122813055004,0.04017140811369544,0.0,0.1304037719964981,6.02032995223999,-0.03196217492222786,-0.009731580503284931,0.25,0.04,0.125,9.0,1.5,9e-06,1.2,2e-05,1.0,SAC305,SAC105,SAC305
126,0.0,0.1304037719964981,6.02032995223999,-0.03196217492222786,-0.009731580503284931,-59.15000000000043,397,0.20344122813055004,0.04017140811369544,0.0,0.1304037719964981,6.02032995223999,-0.03196217492222786,-0.009731580503284931,0.25,0.04,0.125,9.0,1.5,9e-06,1.2,2e-05,1.0,SAC305,SAC105,SAC305
299,0.00014735937293153256,0.0,6.7930121421813965,-0.03246992453932762,0.020866310223937035,-59.95000000000067,398,0.23641702059604308,0.11198824974631973,0.00014735937293153256,0.0,6.7930121421813965,-0.03246992453932762,0.020866310223937035,0.25,0.06,0.125,3.0,1.5,3e-06,0.8,2e-05,1.0,SAC405,SAC205,SAC405
309,0.0,0.14156386256217957,7.439516544342041,-0.07829149067401886,0.026288380846381187,-59.99999999999949,399,0.0913803168865249,-0.05740850174706092,0.0,0.14156386256217957,7.439516544342041,-0.07829149067401886,0.026288380846381187,0.5,0.06,0.125,3.0,1.5,9e-06,0.4,2e-05,1.5,SAC405,SAC305,SAC205
132,0.0,0.14156386256217957,7.439516544342041,-0.07829149067401886,0.026288380846381187,-59.99999999999949,400,0.0913803168865249,-0.05740850174706092,0.0,0.14156386256217957,7.439516544342041,-0.07829149067401886,0.026288380846381187,0.5,0.06,0.125,3.0,1.5,9e-06,0.4,2e-05,1.5,SAC405,SAC305,SAC205
484,0.010817442089319229,0.11026409268379211,5.296052932739258,-0.06466106325387955,0.015008093789219856,-60.349999999999056,401,0.01790865261965408,0.02093493087816872,0.010817442089319229,0.11026409268379211,5.296052932739258,-0.06466106325387955,0.015008093789219856,0.25,0.04,0.125,9.0,1.0,3e-06,0.4,2e-05,1.0,SAC405,SAC105,SAC405
259,0.010817442089319229,0.11026409268379211,5.296052932739258,-0.06466106325387955,0.015008093789219856,-60.349999999999056,402,0.01790865261965408,0.02093493087816872,0.010817442089319229,0.11026409268379211,5.296052932739258,-0.06466106325387955,0.015008093789219856,0.25,0.04,0.125,9.0,1.0,3e-06,0.4,2e-05,1.0,SAC405,SAC105,SAC405
382,0.0028685464058071375,0.14080694317817688,4.761618614196777,-0.03250151127576828,0.0012351252371445298,-60.59999999999951,403,0.1361997778652397,0.07565607770913603,0.0028685464058071375,0.14080694317817688,4.761618614196777,-0.03250151127576828,0.0012351252371445298,0.75,0.06,0.125,3.0,2.0,9e-06,1.2,2e-05,1.5,SAC405,SAC105,SAC105
313,0.0,0.23712094128131866,6.504098892211914,-0.07814845442771912,0.017744485288858414,-60.84999999999991,404,0.0519923355654264,-0.083630752169967,0.0,0.23712094128131866,6.504098892211914,-0.07814845442771912,0.017744485288858414,0.25,0.06,0.125,3.0,2.0,6e-06,0.4,3e-05,1.0,SAC205,SAC305,SAC205
456,0.0038604235742241144,0.19690591096878052,4.741269588470459,-0.06067469343543053,0.016502277925610542,-62.099999999999795,405,0.03260867753857783,0.007692567362434413,0.0038604235742241144,0.19690591096878052,4.741269588470459,-0.06067469343543053,0.016502277925610542,0.25,0.06,0.125,3.0,1.0,3e-06,0.4,2.5e-05,1.0,SAC305,SAC105,SAC405
122,0.0010131290182471275,0.20161356031894684,6.484744548797607,-0.07708919048309326,0.02247621677815914,-63.64999999999992,406,0.05256102799343345,-0.0613704340842927,0.0010131290182471275,0.20161356031894684,6.484744548797607,-0.07708919048309326,0.02247621677815914,0.5,0.06,0.125,6.0,1.5,9e-06,0.4,2e-05,1.5,SAC405,SAC205,SAC205
166,0.0,0.18451015651226044,6.481481075286865,-0.07080037891864777,0.015568551607429981,-65.15000000000077,407,0.07967301230188935,-0.048633082904452556,0.0,0.18451015651226044,6.481481075286865,-0.07080037891864777,0.015568551607429981,0.5,0.04,0.125,3.0,1.5,9e-06,0.4,2e-05,1.0,SAC305,SAC105,SAC205
258,0.005674036219716072,0.2255483865737915,4.746841907501221,-0.07030496001243591,0.017105411738157272,-65.75,408,-0.006595627774398196,-0.02277679722902763,0.005674036219716072,0.2255483865737915,4.746841907501221,-0.07030496001243591,0.017105411738157272,0.25,0.06,0.125,3.0,2.0,9e-06,0.4,2.5e-05,1.0,SAC405,SAC105,SAC205
231,0.003666405100375414,0.21284668147563934,4.645512104034424,-0.06441159546375275,0.018846388906240463,-66.49999999999994,409,0.017079366972415088,-0.0018121724201925914,0.003666405100375414,0.21284668147563934,4.645512104034424,-0.06441159546375275,0.018846388906240463,0.25,0.06,0.125,3.0,2.0,6e-06,0.4,2.5e-05,2.0,SAC205,SAC105,SAC405
295,0.0038604235742241144,0.19690591096878052,4.742005825042725,-0.06067469343543053,0.0109510263428092,-69.79999999999967,410,0.0342683385285188,0.00200206466376921,0.0038604235742241144,0.19690591096878052,4.742005825042725,-0.06067469343543053,0.0109510263428092,0.25,0.06,0.125,3.0,1.5,3e-06,0.4,2.5e-05,1.0,SAC305,SAC105,SAC405
83,0.0016426751390099525,0.15417781472206116,5.678564548492432,-0.08249269425868988,0.06594070047140121,-69.84999999999911,411,0.0008721728140322532,0.009928039922797437,0.0016426751390099525,0.15417781472206116,5.678564548492432,-0.08249269425868988,0.06594070047140121,0.25,0.06,0.125,9.0,2.0,6e-06,0.4,2e-05,1.5,SAC205,SAC205,SAC405
330,0.0005257072043605149,0.16582033038139343,4.968866348266602,-0.03250151127576828,0.000991360517218709,-70.55000000000075,412,0.15253400060466188,0.060098665019392816,0.0005257072043605149,0.16582033038139343,4.968866348266602,-0.03250151127576828,0.000991360517218709,0.75,0.06,0.125,3.0,1.5,9e-06,1.2,2e-05,1.5,SAC305,SAC105,SAC305
384,0.00014735937293153256,0.0,5.073391914367676,-0.03069571778178215,0.05028007552027702,-71.90000000000083,413,0.16755837156022385,0.18510324655113883,0.00014735937293153256,0.0,5.073391914367676,-0.03069571778178215,0.05028007552027702,0.25,0.06,0.125,3.0,1.0,3e-06,0.8,2e-05,1.0,SAC405,SAC105,SAC405
469,0.00014735937293153256,0.0,5.073391914367676,-0.03069571778178215,0.05028007552027702,-71.90000000000083,414,0.16755837156022385,0.18510324655113883,0.00014735937293153256,0.0,5.073391914367676,-0.03069571778178215,0.05028007552027702,0.25,0.06,0.125,3.0,1.0,3e-06,0.8,2e-05,1.0,SAC405,SAC105,SAC405
413,0.0,0.16666226089000702,4.756397724151611,-0.03207292780280113,0.0041479566134512424,-72.05000000000058,415,0.14729448802390258,0.06881776564586216,0.0,0.16666226089000702,4.756397724151611,-0.03207292780280113,0.0041479566134512424,0.25,0.06,0.125,3.0,2.0,9e-06,1.2,2.5e-05,1.5,SAC405,SAC105,SAC405
275,0.0,0.0350380502641201,6.774709224700928,-0.06744881719350815,0.051003437489271164,-73.89999999999975,416,0.10614843360211661,0.04932157997224419,0.0,0.0350380502641201,6.774709224700928,-0.06744881719350815,0.051003437489271164,0.25,0.06,0.125,3.0,2.0,3e-06,0.4,2e-05,1.0,SAC405,SAC305,SAC405
255,0.0,0.23712094128131866,5.597811222076416,-0.07708144187927246,0.026677971705794334,-74.84999999999962,417,0.022920548921258905,-0.05038982887920763,0.0,0.23712094128131866,5.597811222076416,-0.07708144187927246,0.026677971705794334,0.25,0.06,0.125,3.0,2.0,6e-06,0.4,3e-05,1.0,SAC205,SAC205,SAC205
88,0.013389570638537407,0.06256914138793945,4.991647243499756,-0.059538476169109344,0.012226935476064682,-75.29999999999899,418,0.017642021759538468,0.054655509336437896,0.013389570638537407,0.06256914138793945,4.991647243499756,-0.059538476169109344,0.012226935476064682,0.5,0.06,0.125,3.0,1.5,3e-06,0.4,2e-05,1.5,SAC305,SAC105,SAC405
236,0.0,0.030344273895025253,4.922172546386719,-0.03312050178647041,0.04710886999964714,-75.60000000000076,419,0.15221496264341033,0.16616540369057772,0.0,0.030344273895025253,4.922172546386719,-0.03312050178647041,0.04710886999964714,0.25,0.06,0.125,3.0,1.0,9e-06,1.2,2e-05,1.5,SAC205,SAC105,SAC105
463,0.0,0.1733175814151764,4.761618614196777,-0.03250151127576828,0.0012351252371445298,-75.90000000000038,420,0.14605140560238017,0.06165344561953034,0.0,0.1733175814151764,4.761618614196777,-0.03250151127576828,0.0012351252371445298,0.75,0.06,0.125,3.0,2.0,9e-06,1.2,2e-05,1.5,SAC405,SAC105,SAC305
412,0.009991900064051151,0.07514943927526474,5.35208797454834,-0.06377328932285309,0.015544362366199493,-78.09999999999872,421,0.030159445976287336,0.03591266473774204,0.009991900064051151,0.07514943927526474,5.35208797454834,-0.06377328932285309,0.015544362366199493,0.25,0.04,0.125,3.0,1.5,3e-06,0.4,2e-05,1.0,SAC305,SAC105,SAC405
421,0.0,0.13627074658870697,5.782305717468262,-0.08190636336803436,0.06452509760856628,-78.39999999999895,422,0.01598508162329061,0.014409102616144089,0.0,0.13627074658870697,5.782305717468262,-0.08190636336803436,0.06452509760856628,0.25,0.06,0.125,6.0,1.0,9e-06,0.4,2e-05,1.0,SAC305,SAC205,SAC205
201,0.0,0.13627074658870697,5.782305717468262,-0.08190636336803436,0.06452509760856628,-78.39999999999895,423,0.01598508162329061,0.014409102616144089,0.0,0.13627074658870697,5.782305717468262,-0.08190636336803436,0.06452509760856628,0.25,0.06,0.125,6.0,1.0,9e-06,0.4,2e-05,1.0,SAC305,SAC205,SAC205
168,0.0,0.2685038149356842,4.696748733520508,-0.0603245384991169,0.005454188212752342,-79.09999999999974,424,0.04464600004234859,-0.03112142856548242,0.0,0.2685038149356842,4.696748733520508,-0.0603245384991169,0.005454188212752342,0.25,0.06,0.125,3.0,1.5,3e-06,0.4,3e-05,1.0,SAC405,SAC105,SAC105
424,0.0,0.2685038149356842,4.696748733520508,-0.0603245384991169,0.005454188212752342,-79.09999999999974,425,0.04464600004234859,-0.03112142856548242,0.0,0.2685038149356842,4.696748733520508,-0.0603245384991169,0.005454188212752342,0.25,0.06,0.125,3.0,1.5,3e-06,0.4,3e-05,1.0,SAC405,SAC105,SAC105
47,0.0,0.07672145962715149,7.355395317077637,-0.048391055315732956,-0.013336832635104656,-80.30000000000035,426,0.20111457595498444,-0.008491986493614321,0.0,0.07672145962715149,7.355395317077637,-0.048391055315732956,-0.013336832635104656,0.25,0.06,0.125,9.0,2.0,9e-06,0.8,2e-05,1.0,SAC305,SAC305,SAC305
186,0.0,0.07672145962715149,7.355395317077637,-0.048391055315732956,-0.013336832635104656,-80.30000000000035,427,0.20111457595498444,-0.008491986493614321,0.0,0.07672145962715149,7.355395317077637,-0.048391055315732956,-0.013336832635104656,0.25,0.06,0.125,9.0,2.0,9e-06,0.8,2e-05,1.0,SAC305,SAC305,SAC305
165,0.0,0.23712094128131866,5.526696681976318,-0.07654158025979996,0.024620817974209785,-80.94999999999982,428,0.022814194861538,-0.04963469445686014,0.0,0.23712094128131866,5.526696681976318,-0.07654158025979996,0.024620817974209785,0.25,0.06,0.125,3.0,1.5,6e-06,0.4,3e-05,1.0,SAC205,SAC205,SAC205
270,0.0,0.11430530995130539,4.683786392211914,-0.07375891506671906,0.08586245775222778,-81.20000000000061,429,0.0005870500331829429,0.08472772459190288,0.0,0.11430530995130539,4.683786392211914,-0.07375891506671906,0.08586245775222778,0.25,0.06,0.125,9.0,1.0,9e-06,0.4,2e-05,1.0,SAC305,SAC105,SAC205
458,0.0,0.0,5.063459396362305,-0.027227703481912613,0.036840010434389114,-82.90000000000106,430,0.18215856558955207,0.17764387816437996,0.0,0.0,5.063459396362305,-0.027227703481912613,0.036840010434389114,0.25,0.06,0.125,3.0,1.5,6e-06,1.2,2e-05,1.0,SAC205,SAC105,SAC105
494,0.0,0.0,5.063459396362305,-0.027227703481912613,0.036840010434389114,-82.90000000000106,431,0.18215856558955207,0.17764387816437996,0.0,0.0,5.063459396362305,-0.027227703481912613,0.036840010434389114,0.25,0.06,0.125,3.0,1.5,6e-06,1.2,2e-05,1.0,SAC205,SAC105,SAC105
243,0.0,0.24302147328853607,4.742005825042725,-0.06067469343543053,0.0109510263428092,-83.44999999999987,432,0.046438196317400475,-0.01676058814047906,0.0,0.24302147328853607,4.742005825042725,-0.06067469343543053,0.0109510263428092,0.25,0.06,0.125,3.0,1.5,3e-06,0.4,2.5e-05,1.5,SAC405,SAC105,SAC105
479,0.0,0.11430530995130539,6.660853385925293,-0.0828041359782219,0.04401532933115959,-88.79999999999956,433,0.04977621019144145,-0.018458316553005845,0.0,0.11430530995130539,6.660853385925293,-0.0828041359782219,0.04401532933115959,0.25,0.06,0.125,9.0,2.0,9e-06,0.4,2e-05,1.0,SAC305,SAC305,SAC205
480,0.0,0.11430530995130539,6.660853385925293,-0.0828041359782219,0.04401532933115959,-88.79999999999956,434,0.04977621019144145,-0.018458316553005845,0.0,0.11430530995130539,6.660853385925293,-0.0828041359782219,0.04401532933115959,0.25,0.06,0.125,9.0,2.0,9e-06,0.4,2e-05,1.0,SAC305,SAC305,SAC205
217,0.0,0.2552288770675659,4.9417219161987305,-0.07398144900798798,0.023226020857691765,-89.65000000000077,435,0.009855027180721836,-0.03984131262151396,0.0,0.2552288770675659,4.9417219161987305,-0.07398144900798798,0.023226020857691765,0.25,0.06,0.125,9.0,2.0,9e-06,0.4,2.5e-05,1.0,SAC305,SAC105,SAC305
499,0.0,0.14156386256217957,6.521055221557617,-0.07715112715959549,0.025504998862743378,-90.59999999999945,436,0.06369378105301916,-0.033648161396716274,0.0,0.14156386256217957,6.521055221557617,-0.07715112715959549,0.025504998862743378,0.5,0.06,0.125,3.0,2.0,9e-06,0.4,2e-05,1.5,SAC405,SAC205,SAC205
248,0.0,0.14156386256217957,6.521055221557617,-0.07715112715959549,0.025504998862743378,-90.59999999999945,437,0.06369378105301916,-0.033648161396716274,0.0,0.14156386256217957,6.521055221557617,-0.07715112715959549,0.025504998862743378,0.5,0.06,0.125,3.0,2.0,9e-06,0.4,2e-05,1.5,SAC405,SAC205,SAC205
155,0.0,0.16456560790538788,5.502795219421387,-0.07451508194208145,0.03589105233550072,-92.55000000000052,438,0.03301817460432209,-0.00452730035999313,0.0,0.16456560790538788,5.502795219421387,-0.07451508194208145,0.03589105233550072,0.25,0.04,0.125,9.0,1.0,9e-06,0.4,2e-05,1.0,SAC305,SAC105,SAC305
438,0.0,0.13627074658870697,4.637026309967041,-0.073389433324337,0.06563631445169449,-93.20000000000078,439,0.0038059236711360613,0.056946526301998424,0.0,0.13627074658870697,4.637026309967041,-0.073389433324337,0.06563631445169449,0.25,0.06,0.125,6.0,1.0,9e-06,0.4,2e-05,1.0,SAC305,SAC105,SAC205
404,0.0,0.23712094128131866,4.550628185272217,-0.06317385286092758,0.0159321092069149,-93.6500000000002,440,0.03225220778250829,-0.009882580594398034,0.0,0.23712094128131866,4.550628185272217,-0.06317385286092758,0.0159321092069149,0.25,0.06,0.125,3.0,1.0,6e-06,0.4,3e-05,1.0,SAC205,SAC105,SAC205
245,0.0,0.23712094128131866,4.550628185272217,-0.06317385286092758,0.0159321092069149,-93.6500000000002,441,0.03225220778250829,-0.009882580594398034,0.0,0.23712094128131866,4.550628185272217,-0.06317385286092758,0.0159321092069149,0.25,0.06,0.125,3.0,1.0,6e-06,0.4,3e-05,1.0,SAC205,SAC105,SAC205
361,0.00025833569816313684,0.23905423283576965,4.665794849395752,-0.06023627892136574,0.004616682417690754,-93.69999999999999,442,0.046276372627589234,-0.018806727454007854,0.00025833569816313684,0.23905423283576965,4.665794849395752,-0.06023627892136574,0.004616682417690754,0.25,0.06,0.125,3.0,1.0,3e-06,0.4,3e-05,1.0,SAC405,SAC105,SAC405
177,0.00025833569816313684,0.23905423283576965,4.665794849395752,-0.06023627892136574,0.004616682417690754,-93.69999999999999,443,0.046276372627589234,-0.018806727454007854,0.00025833569816313684,0.23905423283576965,4.665794849395752,-0.06023627892136574,0.004616682417690754,0.25,0.06,0.125,3.0,1.0,3e-06,0.4,3e-05,1.0,SAC405,SAC105,SAC405
445,0.0007550540613010526,0.1144748106598854,4.968866348266602,-0.03250151127576828,0.000991360517218709,-94.9500000000013,444,0.15516891401085728,0.08062710439012703,0.0007550540613010526,0.1144748106598854,4.968866348266602,-0.03250151127576828,0.000991360517218709,0.75,0.06,0.125,3.0,1.5,9e-06,1.2,2e-05,1.5,SAC205,SAC105,SAC305
490,0.0,0.25043588876724243,4.746841907501221,-0.07030496001243591,0.017105411738157272,-95.80000000000081,445,0.016459788844578084,-0.03231639693659885,0.0,0.25043588876724243,4.746841907501221,-0.07030496001243591,0.017105411738157272,0.25,0.06,0.125,3.0,2.0,9e-06,0.4,2.5e-05,1.0,SAC405,SAC105,SAC405
391,0.0,0.25043588876724243,4.746841907501221,-0.07030496001243591,0.017105411738157272,-95.80000000000081,446,0.016459788844578084,-0.03231639693659885,0.0,0.25043588876724243,4.746841907501221,-0.07030496001243591,0.017105411738157272,0.25,0.06,0.125,3.0,2.0,9e-06,0.4,2.5e-05,1.0,SAC405,SAC105,SAC405
420,0.0,0.11430530995130539,5.848421096801758,-0.08238915354013443,0.05762980505824089,-96.6999999999993,447,0.021426963260404178,0.013674323594970086,0.0,0.11430530995130539,5.848421096801758,-0.08238915354013443,0.05762980505824089,0.25,0.06,0.125,9.0,1.5,9e-06,0.4,2e-05,1.0,SAC305,SAC205,SAC205
107,0.0,0.11430530995130539,5.848421096801758,-0.08238915354013443,0.05762980505824089,-96.6999999999993,448,0.021426963260404178,0.013674323594970086,0.0,0.11430530995130539,5.848421096801758,-0.08238915354013443,0.05762980505824089,0.25,0.06,0.125,9.0,1.5,9e-06,0.4,2e-05,1.0,SAC305,SAC205,SAC205
488,0.0,0.2200254648923874,4.645512104034424,-0.06441159546375275,0.018846388906240463,-97.65000000000083,449,0.03290296153508568,-0.004656581017211495,0.0,0.2200254648923874,4.645512104034424,-0.06441159546375275,0.018846388906240463,0.25,0.06,0.125,3.0,2.0,6e-06,0.4,2.5e-05,1.0,SAC205,SAC105,SAC405
287,0.000974631286226213,0.14990049600601196,5.601592540740967,-0.08024929463863373,0.045368436723947525,-97.69999999999925,450,0.014737897092484001,-0.002761909675695832,0.000974631286226213,0.14990049600601196,5.601592540740967,-0.08024929463863373,0.045368436723947525,0.25,0.06,0.125,6.0,2.0,6e-06,0.4,2e-05,1.5,SAC205,SAC205,SAC305
340,0.000974631286226213,0.14990049600601196,5.601592540740967,-0.08024929463863373,0.045368436723947525,-97.69999999999925,451,0.014737897092484001,-0.002761909675695832,0.000974631286226213,0.14990049600601196,5.601592540740967,-0.08024929463863373,0.045368436723947525,0.25,0.06,0.125,6.0,2.0,6e-06,0.4,2e-05,1.5,SAC205,SAC205,SAC305
52,0.00014735937293153256,0.0,5.0896735191345215,-0.030360382050275803,0.029057573527097702,-98.35000000000122,452,0.17267077671313147,0.15912596621812383,0.00014735937293153256,0.0,5.0896735191345215,-0.030360382050275803,0.029057573527097702,0.25,0.06,0.125,3.0,1.5,3e-06,0.8,2e-05,1.0,SAC405,SAC105,SAC405
434,0.00014735937293153256,0.0,5.0896735191345215,-0.030360382050275803,0.029057573527097702,-98.35000000000122,453,0.17267077671313147,0.15912596621812383,0.00014735937293153256,0.0,5.0896735191345215,-0.030360382050275803,0.029057573527097702,0.25,0.06,0.125,3.0,1.5,3e-06,0.8,2e-05,1.0,SAC405,SAC105,SAC405
365,0.0,0.15354962646961212,5.482603073120117,-0.07406923174858093,0.03207877650856972,-100.90000000000055,454,0.035978178025478535,-0.0025876035771563504,0.0,0.15354962646961212,5.482603073120117,-0.07406923174858093,0.03207877650856972,0.25,0.04,0.125,6.0,2.0,9e-06,0.4,2e-05,1.0,SAC305,SAC105,SAC205
466,0.0,0.2434820979833603,4.84091329574585,-0.07162731140851974,0.016716323792934418,-101.15000000000089,455,0.016688592121922034,-0.034479159912526716,0.0,0.2434820979833603,4.84091329574585,-0.07162731140851974,0.016716323792934418,0.25,0.06,0.125,6.0,2.0,9e-06,0.4,2.5e-05,1.0,SAC405,SAC105,SAC205
358,0.006905148271471262,0.08476419001817703,4.991647243499756,-0.059538476169109344,0.012226935476064682,-101.4499999999993,456,0.04438972222935155,0.04467276443548648,0.006905148271471262,0.08476419001817703,4.991647243499756,-0.059538476169109344,0.012226935476064682,0.5,0.06,0.125,3.0,1.5,3e-06,0.4,2e-05,1.0,SAC305,SAC105,SAC105
184,0.0,0.10171825438737869,4.760580539703369,-0.032802876085042953,0.006591375917196274,-101.90000000000185,457,0.1491838476203038,0.09508629205717964,0.0,0.10171825438737869,4.760580539703369,-0.032802876085042953,0.006591375917196274,0.5,0.06,0.125,3.0,2.0,9e-06,1.2,2e-05,1.5,SAC205,SAC105,SAC105
260,0.007529689464718103,0.068322092294693,4.991647243499756,-0.059538476169109344,0.012226935476064682,-103.34999999999923,458,0.04345801708832471,0.05102617731303173,0.007529689464718103,0.068322092294693,4.991647243499756,-0.059538476169109344,0.012226935476064682,0.5,0.06,0.125,3.0,1.5,3e-06,0.4,2e-05,1.0,SAC305,SAC105,SAC405
495,0.0,0.11430530995130539,5.922999382019043,-0.08292901515960693,0.049567725509405136,-106.44999999999953,459,0.024605745698312927,0.0030814563563632083,0.0,0.11430530995130539,5.922999382019043,-0.08292901515960693,0.049567725509405136,0.25,0.06,0.125,9.0,2.0,9e-06,0.4,2e-05,1.0,SAC305,SAC205,SAC205
43,0.0,0.14156386256217957,6.385168075561523,-0.07661126554012299,0.016140611842274666,-107.69999999999953,460,0.0632126797750529,-0.03840428164588173,0.0,0.14156386256217957,6.385168075561523,-0.07661126554012299,0.016140611842274666,0.5,0.06,0.125,3.0,1.5,9e-06,0.4,2e-05,1.5,SAC405,SAC205,SAC205
308,0.0,0.14156386256217957,6.385168075561523,-0.07661126554012299,0.016140611842274666,-107.69999999999953,461,0.0632126797750529,-0.03840428164588173,0.0,0.14156386256217957,6.385168075561523,-0.07661126554012299,0.016140611842274666,0.5,0.06,0.125,3.0,1.5,9e-06,0.4,2e-05,1.5,SAC405,SAC205,SAC205
380,0.0,0.2324991673231125,5.0025835037231445,-0.07358565926551819,0.013606068678200245,-108.60000000000082,462,0.01855526746863591,-0.040274542675716354,0.0,0.2324991673231125,5.0025835037231445,-0.07358565926551819,0.013606068678200245,0.25,0.06,0.125,9.0,1.5,9e-06,0.4,2.5e-05,2.0,SAC305,SAC105,SAC305
274,0.0,0.05144866928458214,4.928144454956055,-0.03270253539085388,0.016824079677462578,-108.70000000000164,463,0.15761748311226687,0.1227437407117299,0.0,0.05144866928458214,4.928144454956055,-0.03270253539085388,0.016824079677462578,0.25,0.06,0.125,3.0,2.0,9e-06,1.2,2e-05,1.5,SAC205,SAC105,SAC405
196,0.0,0.14481280744075775,5.439541339874268,-0.07359130680561066,0.02771499939262867,-109.00000000000011,464,0.03816530361866367,-0.0015467592790864334,0.0,0.14481280744075775,5.439541339874268,-0.07359130680561066,0.02771499939262867,0.25,0.04,0.125,3.0,2.0,9e-06,0.4,2e-05,1.0,SAC305,SAC105,SAC205
353,0.0,0.09028107672929764,6.62797737121582,-0.08195672184228897,0.03783917799592018,-109.54999999999944,465,0.055354400226919294,-0.012442557576801641,0.0,0.09028107672929764,6.62797737121582,-0.08195672184228897,0.03783917799592018,0.25,0.06,0.125,3.0,2.0,9e-06,0.4,2e-05,1.0,SAC405,SAC305,SAC205
176,0.0012073980178683996,0.04899325594305992,5.053807258605957,-0.03248962014913559,0.009826530702412128,-109.65000000000157,466,0.1595490875989638,0.11430518112849612,0.0012073980178683996,0.04899325594305992,5.053807258605957,-0.03248962014913559,0.009826530702412128,0.25,0.06,0.125,3.0,1.5,9e-06,1.2,2e-05,1.0,SAC405,SAC105,SAC105
371,0.0,0.17077092826366425,4.670070171356201,-0.06088237836956978,0.01813347637653351,-110.15000000000072,467,0.04948193956578478,0.020591981065627308,0.0,0.17077092826366425,4.670070171356201,-0.06088237836956978,0.01813347637653351,0.25,0.06,0.125,3.0,2.0,3e-06,0.4,2.5e-05,1.0,SAC405,SAC105,SAC405
160,3.514207128318958e-05,0.09718000143766403,4.866407871246338,-0.043090999126434326,0.01326491218060255,-113.5000000000017,468,0.11811961826815603,0.07800947317469976,3.514207128318958e-05,0.09718000143766403,4.866407871246338,-0.043090999126434326,0.01326491218060255,0.75,0.06,0.125,3.0,2.0,9e-06,0.8,2e-05,1.5,SAC205,SAC105,SAC305
218,3.514207128318958e-05,0.09718000143766403,4.866407871246338,-0.043090999126434326,0.01326491218060255,-113.5000000000017,469,0.11811961826815603,0.07800947317469976,3.514207128318958e-05,0.09718000143766403,4.866407871246338,-0.043090999126434326,0.01326491218060255,0.75,0.06,0.125,3.0,2.0,9e-06,0.8,2e-05,1.5,SAC205,SAC105,SAC305
357,0.0,0.09028107672929764,5.688759803771973,-0.08142843842506409,0.05472197011113167,-114.89999999999918,470,0.02283500115635464,0.025210116985123637,0.0,0.09028107672929764,5.688759803771973,-0.08142843842506409,0.05472197011113167,0.25,0.06,0.125,3.0,1.0,9e-06,0.4,2e-05,1.0,SAC405,SAC205,SAC205
333,0.0,0.13580292463302612,5.595010757446289,-0.07422580569982529,0.02624456211924553,-115.54999999999956,471,0.04266550747234843,-0.004059995277269961,0.0,0.13580292463302612,5.595010757446289,-0.07422580569982529,0.02624456211924553,0.25,0.04,0.125,9.0,1.5,9e-06,0.4,2e-05,1.0,SAC305,SAC105,SAC205
368,0.0,0.07672145962715149,4.818915843963623,-0.04598212242126465,0.02146548219025135,-118.90000000000174,472,0.10744145602067359,0.08890397399650268,0.0,0.07672145962715149,4.818915843963623,-0.04598212242126465,0.02146548219025135,0.25,0.06,0.125,9.0,1.5,9e-06,0.8,2e-05,1.0,SAC305,SAC105,SAC305
67,0.0,0.07672145962715149,4.818915843963623,-0.04598212242126465,0.02146548219025135,-118.90000000000174,473,0.10744145602067359,0.08890397399650268,0.0,0.07672145962715149,4.818915843963623,-0.04598212242126465,0.02146548219025135,0.25,0.06,0.125,9.0,1.5,9e-06,0.8,2e-05,1.0,SAC305,SAC105,SAC305
301,0.0,0.08913669735193253,4.404872894287109,-0.06677435338497162,0.0538780614733696,-120.40000000000168,474,0.023898422967323855,0.08043699694348423,0.0,0.08913669735193253,4.404872894287109,-0.06677435338497162,0.0538780614733696,0.25,0.06,0.125,3.0,1.0,6e-06,0.4,2e-05,1.0,SAC305,SAC105,SAC205
378,0.0,0.13627074658870697,5.881762504577637,-0.0821569487452507,0.030014293268322945,-120.49999999999989,475,0.02853909082206064,-0.021877360278353148,0.0,0.13627074658870697,5.881762504577637,-0.0821569487452507,0.030014293268322945,0.25,0.06,0.125,6.0,2.0,9e-06,0.4,2e-05,1.0,SAC305,SAC205,SAC205
386,0.0,0.13627074658870697,5.881762504577637,-0.0821569487452507,0.030014293268322945,-120.49999999999989,476,0.02853909082206064,-0.021877360278353148,0.0,0.13627074658870697,5.881762504577637,-0.0821569487452507,0.030014293268322945,0.25,0.06,0.125,6.0,2.0,9e-06,0.4,2e-05,1.0,SAC305,SAC205,SAC205
91,0.0,0.10073628276586533,6.120408058166504,-0.07608713954687119,0.02453853189945221,-125.04999999999933,477,0.05821306695759798,-0.007016360329197488,0.0,0.10073628276586533,6.120408058166504,-0.07608713954687119,0.02453853189945221,0.5,0.06,0.125,3.0,1.5,6e-06,0.4,2e-05,1.0,SAC305,SAC205,SAC205
37,0.0,0.10073628276586533,6.120408058166504,-0.07608713954687119,0.02453853189945221,-125.04999999999933,478,0.05821306695759798,-0.007016360329197488,0.0,0.10073628276586533,6.120408058166504,-0.07608713954687119,0.02453853189945221,0.5,0.06,0.125,3.0,1.5,6e-06,0.4,2e-05,1.0,SAC305,SAC205,SAC205
350,0.0,0.14451637864112854,5.34497594833374,-0.07018014043569565,0.011388571932911873,-128.50000000000097,479,0.0491915174314849,-0.008608972101603371,0.0,0.14451637864112854,5.34497594833374,-0.07018014043569565,0.011388571932911873,0.5,0.06,0.125,3.0,1.5,9e-06,0.4,2e-05,1.0,SAC305,SAC105,SAC205
399,0.0,0.14451637864112854,5.34497594833374,-0.07018014043569565,0.011388571932911873,-128.50000000000097,480,0.0491915174314849,-0.008608972101603371,0.0,0.14451637864112854,5.34497594833374,-0.07018014043569565,0.011388571932911873,0.5,0.06,0.125,3.0,1.5,9e-06,0.4,2e-05,1.0,SAC305,SAC105,SAC205
307,0.0,0.13627074658870697,4.699519157409668,-0.07331307232379913,0.03176591545343399,-133.89999999999975,481,0.01616579548925345,0.02179159463175552,0.0,0.13627074658870697,4.699519157409668,-0.07331307232379913,0.03176591545343399,0.25,0.06,0.125,6.0,2.0,9e-06,0.4,2e-05,1.0,SAC305,SAC105,SAC205
383,0.0,0.08913669735193253,5.361077308654785,-0.07923150807619095,0.041970714926719666,-137.8499999999994,482,0.02266294660937413,0.02416541624439125,0.0,0.08913669735193253,5.361077308654785,-0.07923150807619095,0.041970714926719666,0.25,0.06,0.125,3.0,1.5,6e-06,0.4,2e-05,1.0,SAC305,SAC205,SAC205
317,0.0,0.08913669735193253,5.361077308654785,-0.07923150807619095,0.041970714926719666,-137.8499999999994,483,0.02266294660937413,0.02416541624439125,0.0,0.08913669735193253,5.361077308654785,-0.07923150807619095,0.041970714926719666,0.25,0.06,0.125,3.0,1.5,6e-06,0.4,2e-05,1.0,SAC305,SAC205,SAC205
376,0.0,0.08913669735193253,5.492544174194336,-0.07977136969566345,0.04002811759710312,-138.4999999999996,484,0.02570735446336683,0.018557270729377396,0.0,0.08913669735193253,5.492544174194336,-0.07977136969566345,0.04002811759710312,0.25,0.06,0.125,3.0,2.0,6e-06,0.4,2e-05,1.0,SAC305,SAC205,SAC205
379,0.0,0.08913669735193253,4.461957931518555,-0.06677435338497162,0.038258492946624756,-140.70000000000113,485,0.030062113258496254,0.06329224250180064,0.0,0.08913669735193253,4.461957931518555,-0.06677435338497162,0.038258492946624756,0.25,0.06,0.125,3.0,1.5,6e-06,0.4,2e-05,1.0,SAC305,SAC105,SAC205
370,0.0,0.08913669735193253,4.461957931518555,-0.06677435338497162,0.038258492946624756,-140.70000000000113,486,0.030062113258496254,0.06329224250180064,0.0,0.08913669735193253,4.461957931518555,-0.06677435338497162,0.038258492946624756,0.25,0.06,0.125,3.0,1.5,6e-06,0.4,2e-05,1.0,SAC305,SAC105,SAC205
446,0.0,0.08667544275522232,6.038833141326904,-0.06498539447784424,0.0007055754540488124,-140.80000000000132,487,0.09485677680395577,-0.001515676143766899,0.0,0.08667544275522232,6.038833141326904,-0.06498539447784424,0.0007055754540488124,0.5,0.06,0.125,3.0,1.5,3e-06,0.4,2e-05,1.0,SAC305,SAC205,SAC205
151,0.0,0.08667544275522232,6.038833141326904,-0.06498539447784424,0.0007055754540488124,-140.80000000000132,488,0.09485677680395577,-0.001515676143766899,0.0,0.08667544275522232,6.038833141326904,-0.06498539447784424,0.0007055754540488124,0.5,0.06,0.125,3.0,1.5,3e-06,0.4,2e-05,1.0,SAC305,SAC205,SAC205
426,0.0,0.11430530995130539,4.778170108795166,-0.07368255406618118,0.0331244058907032,-141.89999999999907,489,0.019682756487201015,0.028917765495478222,0.0,0.11430530995130539,4.778170108795166,-0.07368255406618118,0.0331244058907032,0.25,0.06,0.125,9.0,2.0,9e-06,0.4,2e-05,1.0,SAC305,SAC105,SAC205
205,0.0,0.09028107672929764,4.5321125984191895,-0.07291150093078613,0.045742832124233246,-145.75000000000034,490,0.013580100480771325,0.05637568005268277,0.0,0.09028107672929764,4.5321125984191895,-0.07291150093078613,0.045742832124233246,0.25,0.06,0.125,3.0,1.0,9e-06,0.4,2e-05,1.0,SAC405,SAC105,SAC205
497,0.0,0.09028107672929764,5.737762451171875,-0.08167902380228043,0.030628593638539314,-145.94999999999987,491,0.03045564872227941,0.000441613184728926,0.0,0.09028107672929764,5.737762451171875,-0.08167902380228043,0.030628593638539314,0.25,0.06,0.125,3.0,2.0,9e-06,0.4,2e-05,1.0,SAC405,SAC205,SAC205
323,0.0,0.09028107672929764,5.737762451171875,-0.08167902380228043,0.030628593638539314,-145.94999999999987,492,0.03045564872227941,0.000441613184728926,0.0,0.09028107672929764,5.737762451171875,-0.08167902380228043,0.030628593638539314,0.25,0.06,0.125,3.0,2.0,9e-06,0.4,2e-05,1.0,SAC405,SAC205,SAC205
486,0.0,0.08913669735193253,4.4697675704956055,-0.06698726862668991,0.03424638882279396,-145.95000000000078,493,0.030839412425330635,0.058652760247707145,0.0,0.08913669735193253,4.4697675704956055,-0.06698726862668991,0.03424638882279396,0.25,0.06,0.125,3.0,2.0,6e-06,0.4,2e-05,1.0,SAC305,SAC105,SAC205
199,0.0,0.09028107672929764,5.63180685043335,-0.08113916218280792,0.033909834921360016,-146.39999999999992,494,0.027814061225382623,0.006774057888285651,0.0,0.09028107672929764,5.63180685043335,-0.08113916218280792,0.033909834921360016,0.25,0.06,0.125,3.0,1.5,9e-06,0.4,2e-05,1.0,SAC405,SAC205,SAC205
322,0.0,0.0350380502641201,5.389708042144775,-0.06686828285455704,0.028098618611693382,-151.1000000000011,495,0.06678004762944666,0.05448703935310786,0.0,0.0350380502641201,5.389708042144775,-0.06686828285455704,0.028098618611693382,0.25,0.06,0.125,3.0,2.0,3e-06,0.4,2e-05,1.0,SAC405,SAC205,SAC405
343,0.0,0.11430530995130539,4.852174758911133,-0.07346963882446289,0.017431937158107758,-163.9999999999991,496,0.02686599579179615,0.012774434531997225,0.0,0.11430530995130539,4.852174758911133,-0.07346963882446289,0.017431937158107758,0.25,0.06,0.125,9.0,1.5,9e-06,0.4,2e-05,1.0,SAC305,SAC105,SAC205
396,0.0,0.0350380502641201,4.494986534118652,-0.06359130144119263,0.0323462188243866,-169.20000000000027,497,0.04705686895157882,0.08225878190072484,0.0,0.0350380502641201,4.494986534118652,-0.06359130144119263,0.0323462188243866,0.25,0.06,0.125,3.0,2.0,3e-06,0.4,2e-05,1.0,SAC405,SAC105,SAC405
64,0.0,0.0350380502641201,5.3132452964782715,-0.06671423465013504,0.01794341765344143,-169.95000000000073,498,0.06725382788209018,0.04616144317867742,0.0,0.0350380502641201,5.3132452964782715,-0.06671423465013504,0.01794341765344143,0.25,0.06,0.125,3.0,1.5,3e-06,0.4,2e-05,1.0,SAC405,SAC205,SAC405
253,0.0,0.09028107672929764,4.566651344299316,-0.07283513993024826,0.02331366203725338,-177.0499999999996,499,0.021197866628607055,0.03396697842145228,0.0,0.09028107672929764,4.566651344299316,-0.07283513993024826,0.02331366203725338,0.25,0.06,0.125,3.0,2.0,9e-06,0.4,2e-05,1.0,SAC405,SAC105,SAC205
348,0.0,0.0350380502641201,4.557616233825684,-0.06359130144119263,0.022550340741872787,-184.35000000000008,500,0.05144904197189908,0.07126276774758152,0.0,0.0350380502641201,4.557616233825684,-0.06359130144119263,0.022550340741872787,0.25,0.06,0.125,3.0,1.5,3e-06,0.4,2e-05,1.0,SAC405,SAC105,SAC405
