Sol_Index,Obj_DeltaW_BGA_x,Obj_DeltaW_bump_x,Obj_ELK_stress_x,Obj_Warpage_Post_UF_cure_x,Obj_Warpage_post_lid_atach_x,NetFlow_Score,NetFlow_Rank,RadViz_X,RadViz_Y,Obj_DeltaW_BGA_y,Obj_DeltaW_bump_y,Obj_ELK_stress_y,Obj_Warpage_Post_UF_cure_y,Obj_Warpage_post_lid_atach_y,Bulk silicon thickness,Bump solder height,Cu-pillar pitch–diameter,Lid foot width,Lid thicknes,"Substrate core (E, CTE)",Substrate core thickness,"UF (E, CTE)",lid thickness,BGA solder material,Bump solder material,Cu-pillar bump solder material
39,0.01185275986790657,0.0,9.251087188720703,-0.036542922258377075,0.1030927449464798,211.9000000000001,1,0.28739653848578905,0.36053590781103384,0.01185275986790657,0.0,9.251087188720703,-0.036542922258377075,0.1030927449464798,0.25,0.06,0.125,9.0,1.0,3e-06,0.8,2e-05,1.0,SAC305,SAC405,SAC405
33,0.01185275986790657,0.0,9.251087188720703,-0.036542922258377075,0.1030927449464798,211.9000000000001,2,0.28739653848578905,0.36053590781103384,0.01185275986790657,0.0,9.251087188720703,-0.036542922258377075,0.1030927449464798,0.25,0.06,0.125,9.0,1.0,3e-06,0.8,2e-05,1.0,SAC305,SAC405,SAC405
364,0.01185275986790657,0.0,9.535415649414062,-0.037182293832302094,0.07796093076467514,192.64999999999992,3,0.30694507185505315,0.2313539563347494,0.01185275986790657,0.0,9.535415649414062,-0.037182293832302094,0.07796093076467514,0.25,0.06,0.125,9.0,2.0,3e-06,0.8,2e-05,1.0,SAC305,SAC405,SAC405
474,0.012268462218344212,0.01309508178383112,8.878732681274414,-0.03458907827734947,0.0705590695142746,177.09999999999997,4,0.2706438068107083,0.21987291264310782,0.012268462218344212,0.01309508178383112,8.878732681274414,-0.03458907827734947,0.0705590695142746,0.5,0.06,0.125,3.0,1.0,3e-06,0.8,2e-05,1.0,SAC405,SAC405,SAC405
311,0.012268462218344212,0.01309508178383112,8.878732681274414,-0.03458907827734947,0.0705590695142746,177.09999999999997,5,0.2706438068107083,0.21987291264310782,0.012268462218344212,0.01309508178383112,8.878732681274414,-0.03458907827734947,0.0705590695142746,0.5,0.06,0.125,3.0,1.0,3e-06,0.8,2e-05,1.0,SAC405,SAC405,SAC405
27,0.004073570016771555,0.04989640787243843,9.151528358459473,-0.030001681298017502,0.10036422312259674,173.1999999999994,6,0.3958250108060135,0.31756846827786256,0.004073570016771555,0.04989640787243843,9.151528358459473,-0.030001681298017502,0.10036422312259674,0.25,0.06,0.125,9.0,1.0,6e-06,1.2,2e-05,1.0,SAC205,SAC405,SAC105
152,0.00598521763458848,0.034227050840854645,9.259782791137695,-0.036553870886564255,0.08783720433712006,168.05000000000004,7,0.34057264380746144,0.2421036070497957,0.00598521763458848,0.034227050840854645,9.259782791137695,-0.036553870886564255,0.08783720433712006,0.25,0.06,0.125,9.0,1.0,3e-06,0.8,2.5e-05,1.5,SAC305,SAC405,SAC305
389,0.012268462218344212,0.01309508178383112,9.109525680541992,-0.03487209230661392,0.06075918674468994,164.89999999999995,8,0.286545204308492,0.1733287746404607,0.012268462218344212,0.01309508178383112,9.109525680541992,-0.03487209230661392,0.06075918674468994,0.5,0.06,0.125,3.0,2.0,3e-06,0.8,2e-05,1.0,SAC405,SAC405,SAC405
139,0.012268462218344212,0.01309508178383112,8.988758087158203,-0.035118211060762405,0.06151993200182915,163.35000000000005,9,0.27646373522617956,0.17850998438079815,0.012268462218344212,0.01309508178383112,8.988758087158203,-0.035118211060762405,0.06151993200182915,0.5,0.06,0.125,3.0,1.5,3e-06,0.8,2e-05,1.0,SAC405,SAC405,SAC405
115,0.004896963015198708,0.06408639997243881,9.255332946777344,-0.03692519664764404,0.07928875833749771,160.7999999999997,10,0.34660705649881673,0.18085115098555135,0.004896963015198708,0.06408639997243881,9.255332946777344,-0.03692519664764404,0.07928875833749771,0.25,0.06,0.125,9.0,1.5,3e-06,0.8,2.5e-05,1.0,SAC305,SAC405,SAC405
432,0.004896963015198708,0.06408639997243881,9.255332946777344,-0.03692519664764404,0.07928875833749771,160.7999999999997,11,0.34660705649881673,0.18085115098555135,0.004896963015198708,0.06408639997243881,9.255332946777344,-0.03692519664764404,0.07928875833749771,0.25,0.06,0.125,9.0,1.5,3e-06,0.8,2.5e-05,1.0,SAC305,SAC405,SAC405
38,0.015062733553349972,0.3101818561553955,9.227153778076172,-0.08417870849370956,0.042530931532382965,159.3500000000001,12,-0.02281831314833593,-0.30947076374196125,0.015062733553349972,0.3101818561553955,9.227153778076172,-0.08417870849370956,0.042530931532382965,0.25,0.04,0.125,3.0,1.5,9e-06,0.4,3e-05,1.0,SAC205,SAC405,SAC405
206,0.013129164464771748,0.0695386454463005,9.529287338256836,-0.07605209946632385,0.0861329734325409,153.30000000000007,13,0.07141369115673318,0.05707159024287204,0.013129164464771748,0.0695386454463005,9.529287338256836,-0.07605209946632385,0.0861329734325409,0.25,0.04,0.125,9.0,1.0,3e-06,0.4,2e-05,1.0,SAC305,SAC405,SAC405
499,0.013129164464771748,0.0695386454463005,9.529287338256836,-0.07605209946632385,0.0861329734325409,153.30000000000007,14,0.07141369115673318,0.05707159024287204,0.013129164464771748,0.0695386454463005,9.529287338256836,-0.07605209946632385,0.0861329734325409,0.25,0.04,0.125,9.0,1.0,3e-06,0.4,2e-05,1.0,SAC305,SAC405,SAC405
257,0.012170052155852318,0.001966010546311736,9.26033878326416,-0.034481439739465714,0.05462723225355148,149.79999999999993,15,0.30089052551659035,0.1552467672740712,0.012170052155852318,0.001966010546311736,9.26033878326416,-0.034481439739465714,0.05462723225355148,0.25,0.06,0.125,3.0,2.0,3e-06,0.8,2e-05,1.0,SAC305,SAC405,SAC405
435,0.00598521763458848,0.034227050840854645,9.446450233459473,-0.03719324246048927,0.07117453962564468,148.4499999999999,16,0.3486876807212353,0.1668708406743833,0.00598521763458848,0.034227050840854645,9.446450233459473,-0.03719324246048927,0.07117453962564468,0.25,0.06,0.125,9.0,2.0,3e-06,0.8,2.5e-05,1.5,SAC305,SAC405,SAC305
13,0.00598521763458848,0.034227050840854645,9.446450233459473,-0.03719324246048927,0.07117453962564468,148.4499999999999,17,0.3486876807212353,0.1668708406743833,0.00598521763458848,0.034227050840854645,9.446450233459473,-0.03719324246048927,0.07117453962564468,0.25,0.06,0.125,9.0,2.0,3e-06,0.8,2.5e-05,1.5,SAC305,SAC405,SAC305
20,0.02049376256763935,0.05261509492993355,9.91779899597168,-0.0201795045286417,0.012266919016838074,146.29999999999936,18,0.3726334925664045,-0.006622702506046718,0.02049376256763935,0.05261509492993355,9.91779899597168,-0.0201795045286417,0.012266919016838074,0.25,0.04,0.125,3.0,2.0,3e-06,1.2,2e-05,1.0,SAC205,SAC305,SAC405
9,0.02049376256763935,0.05261509492993355,9.91779899597168,-0.0201795045286417,0.012266919016838074,146.29999999999936,19,0.3726334925664045,-0.006622702506046718,0.02049376256763935,0.05261509492993355,9.91779899597168,-0.0201795045286417,0.012266919016838074,0.25,0.04,0.125,3.0,2.0,3e-06,1.2,2e-05,1.0,SAC205,SAC305,SAC405
85,0.014366945251822472,0.2653588652610779,7.4760565757751465,-0.032437026500701904,0.0007106594275683165,135.65000000000052,20,0.1703485234934094,-0.17205888593752144,0.014366945251822472,0.2653588652610779,7.4760565757751465,-0.032437026500701904,0.0007106594275683165,0.75,0.06,0.125,3.0,2.0,9e-06,1.2,2.5e-05,1.5,SAC205,SAC305,SAC405
46,0.018161989748477936,0.23330332338809967,7.736814022064209,-0.083729088306427,0.055691055953502655,129.9000000000003,21,-0.11757556751701725,-0.13001946024315358,0.018161989748477936,0.23330332338809967,7.736814022064209,-0.083729088306427,0.055691055953502655,0.25,0.04,0.125,9.0,1.0,6e-06,0.4,3e-05,1.0,SAC205,SAC305,SAC405
30,0.011066560633480549,0.019904686138033867,8.717504501342773,-0.0722593441605568,0.1085587814450264,123.40000000000026,22,0.0592492817474268,0.20641815080425469,0.011066560633480549,0.019904686138033867,8.717504501342773,-0.0722593441605568,0.1085587814450264,0.25,0.06,0.125,9.0,1.0,3e-06,0.4,2e-05,1.0,SAC305,SAC405,SAC405
338,0.014205839484930038,0.22984211146831512,8.245232582092285,-0.08637773245573044,0.05281491205096245,115.39999999999992,23,-0.05455178065858571,-0.15543327550231106,0.014205839484930038,0.22984211146831512,8.245232582092285,-0.08637773245573044,0.05281491205096245,0.25,0.04,0.125,9.0,2.0,9e-06,0.4,2.5e-05,1.0,SAC205,SAC305,SAC405
66,0.014205839484930038,0.22984211146831512,8.245232582092285,-0.08637773245573044,0.05281491205096245,115.39999999999992,24,-0.05455178065858571,-0.15543327550231106,0.014205839484930038,0.22984211146831512,8.245232582092285,-0.08637773245573044,0.05281491205096245,0.25,0.04,0.125,9.0,2.0,9e-06,0.4,2.5e-05,1.0,SAC205,SAC305,SAC405
177,0.0032726440113037825,0.060212548822164536,9.147148132324219,-0.030553540214896202,0.0562872588634491,110.2000000000001,25,0.38579279455310245,0.1223858662971964,0.0032726440113037825,0.060212548822164536,9.147148132324219,-0.030553540214896202,0.0562872588634491,0.25,0.06,0.125,9.0,2.0,6e-06,1.2,2.5e-05,1.5,SAC205,SAC405,SAC305
253,0.004452115390449762,0.0,9.121807098388672,-0.03037300519645214,0.0652720183134079,110.09999999999974,26,0.3750656404550126,0.20064330574028139,0.004452115390449762,0.0,9.121807098388672,-0.03037300519645214,0.0652720183134079,0.25,0.06,0.125,9.0,2.0,6e-06,1.2,2e-05,1.5,SAC205,SAC405,SAC305
31,0.026014715433120728,0.0,8.647428512573242,-0.019352808594703674,0.01773882657289505,109.49999999999966,27,0.2283414974749794,0.11696035822267832,0.026014715433120728,0.0,8.647428512573242,-0.019352808594703674,0.01773882657289505,0.25,0.04,0.125,3.0,1.5,3e-06,1.2,2e-05,1.0,SAC405,SAC205,SAC405
211,0.01005405094474554,0.2656046450138092,9.29017448425293,-0.08130326122045517,0.03498389571905136,106.80000000000018,28,0.06600149346951631,-0.2602565165705036,0.01005405094474554,0.2656046450138092,9.29017448425293,-0.08130326122045517,0.03498389571905136,0.5,0.06,0.125,3.0,1.5,9e-06,0.4,2.5e-05,1.0,SAC305,SAC405,SAC405
313,0.01005405094474554,0.2656046450138092,9.29017448425293,-0.08130326122045517,0.03498389571905136,106.80000000000018,29,0.06600149346951631,-0.2602565165705036,0.01005405094474554,0.2656046450138092,9.29017448425293,-0.08130326122045517,0.03498389571905136,0.5,0.06,0.125,3.0,1.5,9e-06,0.4,2.5e-05,1.0,SAC305,SAC405,SAC405
40,0.009586300700902939,0.3254426419734955,8.6525239944458,-0.07962967455387115,0.03279344365000725,106.10000000000014,30,0.03442109691786619,-0.29042457721193576,0.009586300700902939,0.3254426419734955,8.6525239944458,-0.07962967455387115,0.03279344365000725,0.25,0.06,0.125,3.0,2.0,9e-06,0.4,3e-05,1.0,SAC305,SAC405,SAC305
2,0.009518658742308617,0.26868298649787903,7.4760565757751465,-0.032437026500701904,0.0007106594275683165,103.99999999999977,31,0.2139618427603964,-0.16612571292034414,0.009518658742308617,0.26868298649787903,7.4760565757751465,-0.032437026500701904,0.0007106594275683165,0.75,0.06,0.125,3.0,2.0,9e-06,1.2,2.5e-05,1.5,SAC305,SAC305,SAC405
117,0.013129164464771748,0.0695386454463005,8.437938690185547,-0.07424328476190567,0.06686951965093613,103.75000000000011,32,0.03884494985633573,0.037270722393890655,0.013129164464771748,0.0695386454463005,8.437938690185547,-0.07424328476190567,0.06686951965093613,0.25,0.04,0.125,9.0,1.0,3e-06,0.4,2e-05,1.0,SAC305,SAC305,SAC405
22,0.031567852944135666,0.0,6.47977352142334,-0.018894599750638008,0.04541761800646782,103.60000000000036,33,0.007339321427210221,0.31118309547944456,0.031567852944135666,0.0,6.47977352142334,-0.018894599750638008,0.04541761800646782,0.25,0.04,0.125,9.0,2.0,3e-06,1.2,2e-05,1.0,SAC405,SAC105,SAC405
15,0.031567852944135666,0.0,6.47977352142334,-0.018894599750638008,0.04541761800646782,103.60000000000036,34,0.007339321427210221,0.31118309547944456,0.031567852944135666,0.0,6.47977352142334,-0.018894599750638008,0.04541761800646782,0.25,0.04,0.125,9.0,2.0,3e-06,1.2,2e-05,1.0,SAC405,SAC105,SAC405
170,0.008698915131390095,0.26958754658699036,9.536154747009277,-0.079600028693676,0.03066786378622055,97.94999999999982,35,0.10167842942285492,-0.27917933118693783,0.008698915131390095,0.26958754658699036,9.536154747009277,-0.079600028693676,0.03066786378622055,0.5,0.06,0.125,3.0,1.5,9e-06,0.4,3e-05,1.0,SAC305,SAC405,SAC405
48,0.024379197508096695,0.007712455000728369,6.63412618637085,-0.018925491720438004,0.039969246834516525,94.50000000000028,36,0.1037381101311935,0.2534053873272926,0.024379197508096695,0.007712455000728369,6.63412618637085,-0.018925491720438004,0.039969246834516525,0.75,0.06,0.125,6.0,2.0,3e-06,1.2,2e-05,1.0,SAC305,SAC205,SAC305
36,0.024379197508096695,0.007712455000728369,6.63412618637085,-0.018925491720438004,0.039969246834516525,94.50000000000028,37,0.1037381101311935,0.2534053873272926,0.024379197508096695,0.007712455000728369,6.63412618637085,-0.018925491720438004,0.039969246834516525,0.75,0.06,0.125,6.0,2.0,3e-06,1.2,2e-05,1.0,SAC305,SAC205,SAC305
17,0.02918056771159172,0.0,6.707666873931885,-0.019171612337231636,0.03853341192007065,93.95000000000033,38,0.05585716732405793,0.2647769082798581,0.02918056771159172,0.0,6.707666873931885,-0.019171612337231636,0.03853341192007065,0.75,0.06,0.125,6.0,1.5,3e-06,1.2,2e-05,1.0,SAC405,SAC205,SAC405
18,0.02918056771159172,0.0,6.707666873931885,-0.019171612337231636,0.03853341192007065,93.95000000000033,39,0.05585716732405793,0.2647769082798581,0.02918056771159172,0.0,6.707666873931885,-0.019171612337231636,0.03853341192007065,0.75,0.06,0.125,6.0,1.5,3e-06,1.2,2e-05,1.0,SAC405,SAC205,SAC405
95,0.013129164464771748,0.0695386454463005,8.45980453491211,-0.07424328476190567,0.061407532542943954,93.20000000000027,40,0.044158716872009514,0.02088944619734152,0.013129164464771748,0.0695386454463005,8.45980453491211,-0.07424328476190567,0.061407532542943954,0.25,0.04,0.125,9.0,1.5,3e-06,0.4,2e-05,1.0,SAC305,SAC305,SAC405
133,0.007175236474722624,0.3652336299419403,7.602662086486816,-0.08161845058202744,0.04778255894780159,92.95000000000027,41,-0.02184798624274225,-0.24308547572377404,0.007175236474722624,0.3652336299419403,7.602662086486816,-0.08161845058202744,0.04778255894780159,0.25,0.04,0.125,6.0,2.0,6e-06,0.4,3e-05,2.0,SAC105,SAC305,SAC405
19,0.006770728155970573,0.02373584546148777,8.717504501342773,-0.0722593441605568,0.1085587814450264,92.85000000000059,42,0.10174833870552379,0.1945273924421294,0.006770728155970573,0.02373584546148777,8.717504501342773,-0.0722593441605568,0.1085587814450264,0.25,0.06,0.125,9.0,1.0,3e-06,0.4,2e-05,1.0,SAC405,SAC405,SAC405
350,0.006770728155970573,0.02373584546148777,8.717504501342773,-0.0722593441605568,0.1085587814450264,92.85000000000059,43,0.10174833870552379,0.1945273924421294,0.006770728155970573,0.02373584546148777,8.717504501342773,-0.0722593441605568,0.1085587814450264,0.25,0.06,0.125,9.0,1.0,3e-06,0.4,2e-05,1.0,SAC405,SAC405,SAC405
24,0.03317798301577568,0.06852598488330841,7.089901924133301,-0.018170146271586418,0.01418648473918438,90.95000000000033,44,0.04046937833211486,0.11217386238307465,0.03317798301577568,0.06852598488330841,7.089901924133301,-0.018170146271586418,0.01418648473918438,0.25,0.06,0.125,3.0,2.0,3e-06,1.2,2.5e-05,1.5,SAC405,SAC205,SAC405
308,0.003654878120869398,0.054586805403232574,7.768735885620117,-0.030342265963554382,0.06466978043317795,89.30000000000035,45,0.2896853380409151,0.19310822648235096,0.003654878120869398,0.054586805403232574,7.768735885620117,-0.030342265963554382,0.06466978043317795,0.5,0.06,0.125,9.0,2.0,6e-06,1.2,2e-05,1.5,SAC205,SAC305,SAC305
123,0.007322886027395725,0.07336980849504471,9.632405281066895,-0.07632014900445938,0.06824737787246704,89.10000000000036,46,0.1426304347469455,-0.006485094523720668,0.007322886027395725,0.07336980849504471,9.632405281066895,-0.07632014900445938,0.06824737787246704,0.25,0.04,0.125,9.0,2.0,3e-06,0.4,2e-05,1.0,SAC405,SAC405,SAC405
105,0.007322886027395725,0.07336980849504471,9.632405281066895,-0.07632014900445938,0.06824737787246704,89.10000000000036,47,0.1426304347469455,-0.006485094523720668,0.007322886027395725,0.07336980849504471,9.632405281066895,-0.07632014900445938,0.06824737787246704,0.25,0.04,0.125,9.0,2.0,3e-06,0.4,2e-05,1.0,SAC405,SAC405,SAC405
497,0.03317798301577568,0.06852598488330841,7.1434431076049805,-0.017902100458741188,0.011836398392915726,88.6000000000003,48,0.04753712324639628,0.10187504944631519,0.03317798301577568,0.06852598488330841,7.1434431076049805,-0.017902100458741188,0.011836398392915726,0.25,0.06,0.125,3.0,1.5,3e-06,1.2,2.5e-05,1.5,SAC405,SAC205,SAC405
4,0.03317798301577568,0.06852598488330841,7.1434431076049805,-0.017902100458741188,0.011836398392915726,88.6000000000003,49,0.04753712324639628,0.10187504944631519,0.03317798301577568,0.06852598488330841,7.1434431076049805,-0.017902100458741188,0.011836398392915726,0.25,0.06,0.125,3.0,1.5,3e-06,1.2,2.5e-05,1.5,SAC405,SAC205,SAC405
212,0.012268462218344212,0.01309508178383112,7.965805530548096,-0.03213952109217644,0.03930632025003433,86.8499999999998,50,0.23024649539010392,0.1368024998925627,0.012268462218344212,0.01309508178383112,7.965805530548096,-0.03213952109217644,0.03930632025003433,0.5,0.06,0.125,3.0,1.0,3e-06,0.8,2e-05,1.0,SAC405,SAC305,SAC405
352,0.007095072418451309,0.16361425817012787,8.327115058898926,-0.08582712709903717,0.07929620891809464,85.8500000000002,51,0.017519783932774306,-0.026819357784073836,0.007095072418451309,0.16361425817012787,8.327115058898926,-0.08582712709903717,0.07929620891809464,0.25,0.04,0.125,6.0,1.0,9e-06,0.4,2e-05,1.0,SAC205,SAC305,SAC405
277,0.009118035435676575,0.2541579604148865,6.899904727935791,-0.08364470303058624,0.06736460328102112,85.65000000000015,52,-0.06906701781953671,-0.07524008036929396,0.009118035435676575,0.2541579604148865,6.899904727935791,-0.08364470303058624,0.06736460328102112,0.25,0.04,0.125,9.0,1.5,6e-06,0.4,2.5e-05,1.5,SAC205,SAC205,SAC405
196,0.0075342790223658085,0.015226848423480988,8.439386367797852,-0.0703393891453743,0.09870211035013199,84.80000000000007,53,0.09610309842187932,0.18066622314553293,0.0075342790223658085,0.015226848423480988,8.439386367797852,-0.0703393891453743,0.09870211035013199,0.25,0.06,0.125,6.0,1.0,3e-06,0.4,2e-05,1.0,SAC405,SAC405,SAC405
304,0.009197477251291275,0.20742933452129364,7.978604793548584,-0.08463799953460693,0.059579990804195404,84.30000000000018,54,-0.007655652676210426,-0.09868808615276096,0.009197477251291275,0.20742933452129364,7.978604793548584,-0.08463799953460693,0.059579990804195404,0.25,0.04,0.125,9.0,1.5,6e-06,0.4,2.5e-05,1.0,SAC205,SAC305,SAC405
128,0.006770728155970573,0.02373584546148777,8.768016815185547,-0.0722593441605568,0.09154115617275238,84.15000000000043,55,0.11471876632349289,0.13586363890652595,0.006770728155970573,0.02373584546148777,8.768016815185547,-0.0722593441605568,0.09154115617275238,0.25,0.06,0.125,9.0,1.5,3e-06,0.4,2e-05,1.0,SAC405,SAC405,SAC405
100,0.006770728155970573,0.02373584546148777,8.768016815185547,-0.0722593441605568,0.09154115617275238,84.15000000000043,56,0.11471876632349289,0.13586363890652595,0.006770728155970573,0.02373584546148777,8.768016815185547,-0.0722593441605568,0.09154115617275238,0.25,0.06,0.125,9.0,1.5,3e-06,0.4,2e-05,1.0,SAC405,SAC405,SAC405
305,0.01185275986790657,0.0,5.113034725189209,-0.03204447403550148,0.09810591489076614,83.40000000000009,57,0.050145658045936646,0.41502880778140894,0.01185275986790657,0.0,5.113034725189209,-0.03204447403550148,0.09810591489076614,0.25,0.06,0.125,9.0,1.0,3e-06,0.8,2e-05,1.0,SAC305,SAC105,SAC405
449,0.01185275986790657,0.0,5.113034725189209,-0.03204447403550148,0.09810591489076614,83.40000000000009,58,0.050145658045936646,0.41502880778140894,0.01185275986790657,0.0,5.113034725189209,-0.03204447403550148,0.09810591489076614,0.25,0.06,0.125,9.0,1.0,3e-06,0.8,2e-05,1.0,SAC305,SAC105,SAC405
402,0.01054612547159195,0.24250249564647675,7.602662086486816,-0.08161845058202744,0.04778255894780159,81.65000000000009,59,-0.024536341733955767,-0.13704663842687825,0.01054612547159195,0.24250249564647675,7.602662086486816,-0.08161845058202744,0.04778255894780159,0.25,0.04,0.125,6.0,2.0,6e-06,0.4,3e-05,1.0,SAC205,SAC305,SAC405
298,0.0057831741869449615,0.3689010739326477,7.602662086486816,-0.08161845058202744,0.04778255894780159,81.5500000000003,60,-0.007904229298217168,-0.24312757514989589,0.0057831741869449615,0.3689010739326477,7.602662086486816,-0.08161845058202744,0.04778255894780159,0.25,0.04,0.125,6.0,2.0,6e-06,0.4,3e-05,2.0,SAC405,SAC305,SAC405
270,0.006770728155970573,0.02373584546148777,9.01885986328125,-0.07252739369869232,0.08342696726322174,81.45000000000033,61,0.13092444927227992,0.1030007019011026,0.006770728155970573,0.02373584546148777,9.01885986328125,-0.07252739369869232,0.08342696726322174,0.25,0.06,0.125,9.0,2.0,3e-06,0.4,2e-05,1.0,SAC405,SAC405,SAC405
281,0.006770728155970573,0.02373584546148777,9.01885986328125,-0.07252739369869232,0.08342696726322174,81.45000000000033,62,0.13092444927227992,0.1030007019011026,0.006770728155970573,0.02373584546148777,9.01885986328125,-0.07252739369869232,0.08342696726322174,0.25,0.06,0.125,9.0,2.0,3e-06,0.4,2e-05,1.0,SAC405,SAC405,SAC405
287,0.010607179254293442,0.15315577387809753,9.131034851074219,-0.08522788435220718,0.051582373678684235,81.20000000000005,63,0.04733836516121629,-0.11974064244182392,0.010607179254293442,0.15315577387809753,9.131034851074219,-0.08522788435220718,0.051582373678684235,0.25,0.04,0.125,6.0,2.0,6e-06,0.4,2e-05,1.0,SAC105,SAC405,SAC405
148,0.003654878120869398,0.054586805403232574,6.661240100860596,-0.029944270849227905,0.08408414572477341,80.8500000000003,64,0.21955938523590723,0.2891000629344299,0.003654878120869398,0.054586805403232574,6.661240100860596,-0.029944270849227905,0.08408414572477341,0.5,0.06,0.125,9.0,2.0,6e-06,1.2,2e-05,1.5,SAC205,SAC205,SAC305
194,0.009419840760529041,0.15441502630710602,7.217242240905762,-0.08530932664871216,0.09639635682106018,80.75000000000006,65,-0.06730938814186317,0.06556383512136976,0.009419840760529041,0.15441502630710602,7.217242240905762,-0.08530932664871216,0.09639635682106018,0.25,0.04,0.125,9.0,1.0,9e-06,0.4,2e-05,1.0,SAC205,SAC205,SAC405
182,0.0075293732807040215,0.06486082822084427,9.300037384033203,-0.07515653967857361,0.06482990831136703,78.70000000000016,66,0.1314108001408132,0.004325955993762796,0.0075293732807040215,0.06486082822084427,9.300037384033203,-0.07515653967857361,0.06482990831136703,0.25,0.04,0.125,6.0,2.0,3e-06,0.4,2e-05,1.0,SAC405,SAC405,SAC405
292,0.012268462218344212,0.01309508178383112,8.10098648071289,-0.03247274085879326,0.03457655385136604,78.34999999999991,67,0.2377495190727778,0.1165888284984483,0.012268462218344212,0.01309508178383112,8.10098648071289,-0.03247274085879326,0.03457655385136604,0.5,0.06,0.125,3.0,1.5,3e-06,0.8,2e-05,1.0,SAC405,SAC305,SAC405
467,0.005939045920968056,0.03198282793164253,8.873892784118652,-0.027779944241046906,0.03749413043260574,77.20000000000039,68,0.35889517509532304,0.09985325995910503,0.005939045920968056,0.03198282793164253,8.873892784118652,-0.027779944241046906,0.03749413043260574,0.25,0.06,0.125,3.0,1.5,6e-06,1.2,2e-05,1.0,SAC205,SAC405,SAC405
41,0.023537220433354378,0.0,6.509288311004639,-0.01728730835020542,0.035909783095121384,76.30000000000007,69,0.117297104650982,0.24927933133864322,0.023537220433354378,0.0,6.509288311004639,-0.01728730835020542,0.035909783095121384,0.25,0.04,0.125,6.0,2.0,3e-06,1.2,2e-05,1.0,SAC305,SAC105,SAC405
26,0.023537220433354378,0.0,6.509288311004639,-0.01728730835020542,0.035909783095121384,76.30000000000007,70,0.117297104650982,0.24927933133864322,0.023537220433354378,0.0,6.509288311004639,-0.01728730835020542,0.035909783095121384,0.25,0.04,0.125,6.0,2.0,3e-06,1.2,2e-05,1.0,SAC305,SAC105,SAC405
381,0.005617843009531498,0.09829816967248917,9.152177810668945,-0.08663614094257355,0.09706160426139832,76.2500000000004,71,0.06800767988270416,0.04411681826011618,0.005617843009531498,0.09829816967248917,9.152177810668945,-0.08663614094257355,0.09706160426139832,0.25,0.06,0.125,9.0,1.0,9e-06,0.4,2e-05,1.0,SAC205,SAC405,SAC405
93,0.026730148121714592,0.0,5.051534175872803,-0.01836363971233368,0.05445782467722893,75.6000000000003,72,-0.017385547565804203,0.3593029882941089,0.026730148121714592,0.0,5.051534175872803,-0.01836363971233368,0.05445782467722893,0.75,0.06,0.125,3.0,1.5,3e-06,1.2,2e-05,1.0,SAC405,SAC105,SAC405
297,0.005939045920968056,0.03198282793164253,8.911727905273438,-0.027779944241046906,0.03673338517546654,75.55000000000035,73,0.36135993935027655,0.09629136364871588,0.005939045920968056,0.03198282793164253,8.911727905273438,-0.027779944241046906,0.03673338517546654,0.25,0.06,0.125,3.0,2.0,6e-06,1.2,2e-05,1.0,SAC205,SAC405,SAC405
329,0.003985896240919828,0.24179643392562866,8.3129301071167,-0.0861750990152359,0.06967926025390625,74.40000000000003,74,0.03665010579028206,-0.11290849746555619,0.003985896240919828,0.24179643392562866,8.3129301071167,-0.0861750990152359,0.06967926025390625,0.25,0.04,0.125,9.0,1.0,9e-06,0.4,2.5e-05,1.0,SAC105,SAC305,SAC405
63,0.0075342790223658085,0.015226848423480988,8.654796600341797,-0.07060743868350983,0.08000948280096054,73.3500000000002,75,0.1169087803759223,0.11448262387729573,0.0075342790223658085,0.015226848423480988,8.654796600341797,-0.07060743868350983,0.08000948280096054,0.25,0.06,0.125,6.0,2.0,3e-06,0.4,2e-05,1.0,SAC405,SAC405,SAC405
245,0.0075342790223658085,0.015226848423480988,8.654796600341797,-0.07060743868350983,0.08000948280096054,73.3500000000002,76,0.1169087803759223,0.11448262387729573,0.0075342790223658085,0.015226848423480988,8.654796600341797,-0.07060743868350983,0.08000948280096054,0.25,0.06,0.125,6.0,2.0,3e-06,0.4,2e-05,1.0,SAC405,SAC405,SAC405
448,0.012268462218344212,0.01309508178383112,8.136183738708496,-0.032226622104644775,0.031530287116765976,73.10000000000008,77,0.24170405468911182,0.10666656240402053,0.012268462218344212,0.01309508178383112,8.136183738708496,-0.032226622104644775,0.031530287116765976,0.5,0.06,0.125,3.0,2.0,3e-06,0.8,2e-05,1.0,SAC405,SAC305,SAC405
37,0.004541327711194754,0.1173022985458374,9.152177810668945,-0.08663614094257355,0.09706160426139832,72.75000000000011,78,0.07474976626615165,0.02953965215201075,0.004541327711194754,0.1173022985458374,9.152177810668945,-0.08663614094257355,0.09706160426139832,0.25,0.06,0.125,9.0,1.0,9e-06,0.4,2e-05,1.0,SAC305,SAC405,SAC305
457,0.009370716288685799,0.2390412837266922,7.0929765701293945,-0.08360307663679123,0.06070585548877716,72.65000000000032,79,-0.052385355437351934,-0.08684576941611173,0.009370716288685799,0.2390412837266922,7.0929765701293945,-0.08360307663679123,0.06070585548877716,0.25,0.04,0.125,6.0,2.0,9e-06,0.4,2.5e-05,1.0,SAC205,SAC205,SAC405
412,0.0006690554437227547,0.3638177812099457,8.809006690979004,-0.047809015959501266,0.009024419821798801,72.50000000000011,80,0.28433848335517076,-0.314304920598999,0.0006690554437227547,0.3638177812099457,8.809006690979004,-0.047809015959501266,0.009024419821798801,0.25,0.04,0.125,9.0,2.0,9e-06,0.8,3e-05,1.5,SAC105,SAC305,SAC105
55,0.021998565644025803,0.0049477978609502316,5.051534175872803,-0.01836363971233368,0.05445782467722893,72.45000000000033,81,0.0342195710371695,0.338067011767595,0.021998565644025803,0.0049477978609502316,5.051534175872803,-0.01836363971233368,0.05445782467722893,0.75,0.06,0.125,3.0,1.5,3e-06,1.2,2e-05,1.0,SAC405,SAC105,SAC305
162,0.0075342790223658085,0.015226848423480988,8.508661270141602,-0.0703393891453743,0.08168447762727737,71.75000000000023,82,0.10982314052816321,0.12413819917486804,0.0075342790223658085,0.015226848423480988,8.508661270141602,-0.0703393891453743,0.08168447762727737,0.25,0.06,0.125,6.0,1.5,3e-06,0.4,2e-05,1.0,SAC405,SAC405,SAC405
10,0.0,0.37158501148223877,8.809006690979004,-0.047809015959501266,0.009024419821798801,70.55000000000018,83,0.2894831521800862,-0.32049544706184313,0.0,0.37158501148223877,8.809006690979004,-0.047809015959501266,0.009024419821798801,0.25,0.04,0.125,9.0,2.0,9e-06,0.8,3e-05,1.5,SAC105,SAC305,SAC305
213,0.0035855749156326056,0.3901979625225067,7.7675018310546875,-0.08407281339168549,0.05238685756921768,70.55000000000013,84,0.0036774832127211996,-0.2604480002262092,0.0035855749156326056,0.3901979625225067,7.7675018310546875,-0.08407281339168549,0.05238685756921768,0.25,0.04,0.125,9.0,1.5,6e-06,0.4,3e-05,2.0,SAC105,SAC305,SAC405
190,0.0035855749156326056,0.3901979625225067,7.7675018310546875,-0.08407281339168549,0.05238685756921768,70.55000000000013,85,0.0036774832127211996,-0.2604480002262092,0.0035855749156326056,0.3901979625225067,7.7675018310546875,-0.08407281339168549,0.05238685756921768,0.25,0.04,0.125,9.0,1.5,6e-06,0.4,3e-05,2.0,SAC105,SAC305,SAC405
395,0.01185275986790657,0.0,7.14126443862915,-0.03366690129041672,0.04882301390171051,69.85000000000002,86,0.1774897385045554,0.19055220856372457,0.01185275986790657,0.0,7.14126443862915,-0.03366690129041672,0.04882301390171051,0.25,0.06,0.125,9.0,2.0,3e-06,0.8,2e-05,1.0,SAC305,SAC205,SAC405
307,0.004221816547214985,0.3003704845905304,7.4760565757751465,-0.032437026500701904,0.0007106594275683165,69.25000000000034,87,0.255651126706636,-0.18616139015676456,0.004221816547214985,0.3003704845905304,7.4760565757751465,-0.032437026500701904,0.0007106594275683165,0.75,0.06,0.125,3.0,2.0,9e-06,1.2,2.5e-05,1.5,SAC305,SAC305,SAC305
201,0.0024208505637943745,0.27308547496795654,8.809006690979004,-0.047809015959501266,0.009024419821798801,68.5499999999999,88,0.27303655843908925,-0.226021916657089,0.0024208505637943745,0.27308547496795654,8.809006690979004,-0.047809015959501266,0.009024419821798801,0.25,0.04,0.125,9.0,2.0,9e-06,0.8,3e-05,1.0,SAC105,SAC305,SAC305
333,0.0037523633800446987,0.24414363503456116,8.37515640258789,-0.08648373186588287,0.06500620394945145,68.30000000000007,89,0.04376745441117664,-0.12896266805926138,0.0037523633800446987,0.24414363503456116,8.37515640258789,-0.08648373186588287,0.06500620394945145,0.25,0.04,0.125,9.0,1.5,9e-06,0.4,2e-05,1.5,SAC205,SAC305,SAC305
252,0.01185275986790657,0.0,5.134713649749756,-0.03204447403550148,0.08108828961849213,67.55000000000013,90,0.06398810975823463,0.3471596235981225,0.01185275986790657,0.0,5.134713649749756,-0.03204447403550148,0.08108828961849213,0.25,0.06,0.125,9.0,1.5,3e-06,0.8,2e-05,1.0,SAC305,SAC105,SAC405
237,0.01185275986790657,0.0,5.134713649749756,-0.03204447403550148,0.08108828961849213,67.55000000000013,91,0.06398810975823463,0.3471596235981225,0.01185275986790657,0.0,5.134713649749756,-0.03204447403550148,0.08108828961849213,0.25,0.06,0.125,9.0,1.5,3e-06,0.8,2e-05,1.0,SAC305,SAC105,SAC405
426,0.021998565644025803,0.0049477978609502316,4.90594482421875,-0.017839154228568077,0.05369707942008972,65.70000000000044,92,0.02976493879460911,0.3395250528702339,0.021998565644025803,0.0049477978609502316,4.90594482421875,-0.017839154228568077,0.05369707942008972,0.75,0.06,0.125,3.0,2.0,3e-06,1.2,2e-05,1.0,SAC405,SAC105,SAC305
232,0.00598521763458848,0.034227050840854645,8.005885124206543,-0.03315942361950874,0.04737156257033348,65.3000000000003,93,0.2741783562814944,0.13578510657204682,0.00598521763458848,0.034227050840854645,8.005885124206543,-0.03315942361950874,0.04737156257033348,0.25,0.06,0.125,9.0,1.0,3e-06,0.8,2.5e-05,1.5,SAC305,SAC305,SAC305
72,0.017289750277996063,0.15625368058681488,4.384995937347412,-0.05979446321725845,0.0603775791823864,65.15000000000003,94,-0.13842257726595997,0.11710319223325628,0.017289750277996063,0.15625368058681488,4.384995937347412,-0.05979446321725845,0.0603775791823864,0.25,0.06,0.125,6.0,1.0,3e-06,0.4,2.5e-05,1.0,SAC105,SAC105,SAC405
342,0.017289750277996063,0.15625368058681488,4.384995937347412,-0.05979446321725845,0.0603775791823864,65.15000000000003,95,-0.13842257726595997,0.11710319223325628,0.017289750277996063,0.15625368058681488,4.384995937347412,-0.05979446321725845,0.0603775791823864,0.25,0.06,0.125,6.0,1.0,3e-06,0.4,2.5e-05,1.0,SAC105,SAC105,SAC405
172,0.004129198845475912,0.2853085994720459,7.607883930206299,-0.03374693915247917,0.0016585523262619972,64.30000000000024,96,0.2582935089003523,-0.17803164559218917,0.004129198845475912,0.2853085994720459,7.607883930206299,-0.03374693915247917,0.0016585523262619972,0.5,0.06,0.125,3.0,2.0,9e-06,1.2,2.5e-05,1.5,SAC305,SAC305,SAC305
138,0.00994194857776165,0.12668946385383606,8.889347076416016,-0.08522319048643112,0.05904053896665573,64.09999999999991,97,0.04226397351728528,-0.07020349227156025,0.00994194857776165,0.12668946385383606,8.889347076416016,-0.08522319048643112,0.05904053896665573,0.25,0.06,0.125,6.0,2.0,9e-06,0.4,2e-05,1.0,SAC305,SAC405,SAC405
405,0.012092893943190575,0.0,8.182611465454102,-0.03156792372465134,0.02844461053609848,62.650000000000034,98,0.25031660147531043,0.10652942713091097,0.012092893943190575,0.0,8.182611465454102,-0.03156792372465134,0.02844461053609848,0.25,0.06,0.125,3.0,1.5,3e-06,0.8,2e-05,1.0,SAC405,SAC305,SAC405
294,0.012092893943190575,0.0,8.182611465454102,-0.03156792372465134,0.02844461053609848,62.650000000000034,99,0.25031660147531043,0.10652942713091097,0.012092893943190575,0.0,8.182611465454102,-0.03156792372465134,0.02844461053609848,0.25,0.06,0.125,3.0,1.5,3e-06,0.8,2e-05,1.0,SAC405,SAC305,SAC405
56,0.006857563741505146,0.13200224936008453,9.24853229522705,-0.08689715713262558,0.06311403214931488,62.600000000000364,100,0.07718658584231367,-0.07854286961691857,0.006857563741505146,0.13200224936008453,9.24853229522705,-0.08689715713262558,0.06311403214931488,0.25,0.04,0.125,9.0,1.5,6e-06,0.4,2e-05,1.0,SAC205,SAC405,SAC405
173,0.006857563741505146,0.13200224936008453,9.24853229522705,-0.08689715713262558,0.06311403214931488,62.600000000000364,101,0.07718658584231367,-0.07854286961691857,0.006857563741505146,0.13200224936008453,9.24853229522705,-0.08689715713262558,0.06311403214931488,0.25,0.04,0.125,9.0,1.5,6e-06,0.4,2e-05,1.0,SAC205,SAC405,SAC405
23,0.019002744928002357,0.007564042694866657,4.90594482421875,-0.017839154228568077,0.05369707942008972,61.95000000000033,102,0.0599498127327563,0.32742535976813897,0.019002744928002357,0.007564042694866657,4.90594482421875,-0.017839154228568077,0.05369707942008972,0.75,0.06,0.125,3.0,2.0,3e-06,1.2,2e-05,1.0,SAC405,SAC105,SAC205
64,0.019002744928002357,0.007564042694866657,4.90594482421875,-0.017839154228568077,0.05369707942008972,61.95000000000033,103,0.0599498127327563,0.32742535976813897,0.019002744928002357,0.007564042694866657,4.90594482421875,-0.017839154228568077,0.05369707942008972,0.75,0.06,0.125,3.0,2.0,3e-06,1.2,2e-05,1.0,SAC405,SAC105,SAC205
374,0.0075293732807040215,0.06486082822084427,8.342499732971191,-0.0730796754360199,0.06622574478387833,61.59999999999985,104,0.09207250142403385,0.04261604091426587,0.0075293732807040215,0.06486082822084427,8.342499732971191,-0.0730796754360199,0.06622574478387833,0.25,0.04,0.125,6.0,1.0,3e-06,0.4,2e-05,1.0,SAC405,SAC305,SAC405
314,0.00234965980052948,0.3119499087333679,7.099596977233887,-0.08498872816562653,0.07601629942655563,61.10000000000019,105,-0.01929998699794833,-0.10516077634230983,0.00234965980052948,0.3119499087333679,7.099596977233887,-0.08498872816562653,0.07601629942655563,0.25,0.04,0.125,9.0,1.5,9e-06,0.4,2.5e-05,1.5,SAC305,SAC205,SAC305
439,0.00663357600569725,0.26276710629463196,8.261567115783691,-0.08561470359563828,0.04562177509069443,60.700000000000045,106,0.025575912099552508,-0.18739309364971982,0.00663357600569725,0.26276710629463196,8.261567115783691,-0.08561470359563828,0.04562177509069443,0.25,0.04,0.125,9.0,2.0,9e-06,0.4,3e-05,1.0,SAC305,SAC305,SAC405
396,0.015215440653264523,0.0,6.965874195098877,-0.0188314039260149,0.03034866414964199,60.600000000000136,107,0.21554094979948804,0.19197438321435095,0.015215440653264523,0.0,6.965874195098877,-0.0188314039260149,0.03034866414964199,0.5,0.06,0.125,3.0,1.0,3e-06,1.2,2e-05,1.0,SAC405,SAC205,SAC205
219,0.016162967309355736,0.0,5.149402618408203,-0.018430449068546295,0.05414697155356407,60.05000000000001,108,0.09827596388155478,0.31724225187085564,0.016162967309355736,0.0,5.149402618408203,-0.018430449068546295,0.05414697155356407,0.5,0.06,0.125,3.0,2.0,3e-06,1.2,2e-05,1.0,SAC305,SAC105,SAC405
68,0.0055764708667993546,0.321180522441864,7.763057708740234,-0.07858923822641373,0.03724456578493118,59.9999999999996,109,0.033640090787414374,-0.22218237115884057,0.0055764708667993546,0.321180522441864,7.763057708740234,-0.07858923822641373,0.03724456578493118,0.5,0.06,0.125,3.0,2.0,9e-06,0.4,2.5e-05,1.0,SAC205,SAC305,SAC305
353,0.004533966071903706,0.045764949172735214,8.866352081298828,-0.0287510734051466,0.03530457243323326,59.55000000000052,110,0.36273007426973763,0.07865529371465324,0.004533966071903706,0.045764949172735214,8.866352081298828,-0.0287510734051466,0.03530457243323326,0.5,0.06,0.125,3.0,1.5,6e-06,1.2,2e-05,1.0,SAC205,SAC405,SAC405
403,0.01185275986790657,0.0,5.233593940734863,-0.03203415498137474,0.07297410070896149,59.50000000000006,111,0.07435595883100293,0.3158092815655361,0.01185275986790657,0.0,5.233593940734863,-0.03203415498137474,0.07297410070896149,0.25,0.06,0.125,9.0,2.0,3e-06,0.8,2e-05,1.0,SAC305,SAC105,SAC405
143,0.01185275986790657,0.0,5.233593940734863,-0.03203415498137474,0.07297410070896149,59.50000000000006,112,0.07435595883100293,0.3158092815655361,0.01185275986790657,0.0,5.233593940734863,-0.03203415498137474,0.07297410070896149,0.25,0.06,0.125,9.0,2.0,3e-06,0.8,2e-05,1.0,SAC305,SAC105,SAC405
227,0.013238802552223206,0.0,6.972249984741211,-0.03174051269888878,0.04167961701750755,57.60000000000025,113,0.1682466591681553,0.17995204164841042,0.013238802552223206,0.0,6.972249984741211,-0.03174051269888878,0.04167961701750755,0.25,0.06,0.125,6.0,1.5,3e-06,0.8,2e-05,1.0,SAC305,SAC205,SAC405
318,0.012170052155852318,0.001966010546311736,8.215371131896973,-0.03183596953749657,0.025398338213562965,57.200000000000216,114,0.25078037600377134,0.09406590580033158,0.012170052155852318,0.001966010546311736,8.215371131896973,-0.03183596953749657,0.025398338213562965,0.25,0.06,0.125,3.0,2.0,3e-06,0.8,2e-05,1.0,SAC305,SAC305,SAC405
319,0.0,0.2919495701789856,9.619932174682617,-0.08856324851512909,0.05629080533981323,57.20000000000016,115,0.12901105441307179,-0.24181789362314643,0.0,0.2919495701789856,9.619932174682617,-0.08856324851512909,0.05629080533981323,0.25,0.04,0.125,9.0,2.0,9e-06,0.4,2.5e-05,1.0,SAC405,SAC405,SAC205
400,0.0,0.2919495701789856,9.619932174682617,-0.08856324851512909,0.05629080533981323,57.20000000000016,116,0.12901105441307179,-0.24181789362314643,0.0,0.2919495701789856,9.619932174682617,-0.08856324851512909,0.05629080533981323,0.25,0.04,0.125,9.0,2.0,9e-06,0.4,2.5e-05,1.0,SAC405,SAC405,SAC205
481,0.004817964509129524,0.10749740153551102,8.836230278015137,-0.08522319048643112,0.0872049480676651,57.19999999999982,117,0.07110987665792753,0.022275693662406705,0.004817964509129524,0.10749740153551102,8.836230278015137,-0.08522319048643112,0.0872049480676651,0.25,0.06,0.125,6.0,1.0,9e-06,0.4,2e-05,1.0,SAC205,SAC405,SAC405
174,0.004817964509129524,0.10749740153551102,8.836230278015137,-0.08522319048643112,0.0872049480676651,57.19999999999982,118,0.07110987665792753,0.022275693662406705,0.004817964509129524,0.10749740153551102,8.836230278015137,-0.08522319048643112,0.0872049480676651,0.25,0.06,0.125,6.0,1.0,9e-06,0.4,2e-05,1.0,SAC205,SAC405,SAC405
142,0.00471534812822938,0.16823405027389526,9.412373542785645,-0.08858208358287811,0.06238618493080139,56.650000000000034,119,0.09188359024280646,-0.11728062291824572,0.00471534812822938,0.16823405027389526,9.412373542785645,-0.08858208358287811,0.06238618493080139,0.25,0.04,0.125,3.0,1.0,9e-06,0.4,2e-05,1.0,SAC205,SAC405,SAC405
258,0.0022292761132121086,0.2938234210014343,9.071235656738281,-0.08516333252191544,0.04684697091579437,55.44999999999976,120,0.10020562868233242,-0.23818378952961705,0.0022292761132121086,0.2938234210014343,9.071235656738281,-0.08516333252191544,0.04684697091579437,0.25,0.04,0.125,3.0,1.5,9e-06,0.4,2.5e-05,1.0,SAC405,SAC405,SAC405
235,0.0022292761132121086,0.2938234210014343,9.071235656738281,-0.08516333252191544,0.04684697091579437,55.44999999999976,121,0.10020562868233242,-0.23818378952961705,0.0022292761132121086,0.2938234210014343,9.071235656738281,-0.08516333252191544,0.04684697091579437,0.25,0.04,0.125,3.0,1.5,9e-06,0.4,2.5e-05,1.0,SAC405,SAC405,SAC405
246,0.004711622837930918,0.26228052377700806,9.355968475341797,-0.08150589466094971,0.034223150461912155,55.34999999999985,122,0.11996837225017588,-0.24793211115069047,0.004711622837930918,0.26228052377700806,9.355968475341797,-0.08150589466094971,0.034223150461912155,0.5,0.06,0.125,3.0,2.0,9e-06,0.4,2.5e-05,1.0,SAC205,SAC405,SAC405
413,0.004711622837930918,0.26228052377700806,9.355968475341797,-0.08150589466094971,0.034223150461912155,55.34999999999985,123,0.11996837225017588,-0.24793211115069047,0.004711622837930918,0.26228052377700806,9.355968475341797,-0.08150589466094971,0.034223150461912155,0.5,0.06,0.125,3.0,2.0,9e-06,0.4,2.5e-05,1.0,SAC205,SAC405,SAC405
446,0.012268462218344212,0.01309508178383112,4.922938346862793,-0.030189206823706627,0.07074607163667679,54.70000000000016,124,0.0621931540896867,0.3145982997612085,0.012268462218344212,0.01309508178383112,4.922938346862793,-0.030189206823706627,0.07074607163667679,0.5,0.06,0.125,3.0,1.0,3e-06,0.8,2e-05,1.0,SAC405,SAC105,SAC405
388,0.002980406628921628,0.27177685499191284,7.099596977233887,-0.08498872816562653,0.07601629942655563,53.40000000000009,125,-0.01548219403544019,-0.07319370153267805,0.002980406628921628,0.27177685499191284,7.099596977233887,-0.08498872816562653,0.07601629942655563,0.25,0.04,0.125,9.0,1.5,9e-06,0.4,2.5e-05,1.0,SAC305,SAC205,SAC205
437,0.0019751994404941797,0.31969743967056274,9.109779357910156,-0.0843813419342041,0.04177018254995346,53.049999999999955,126,0.10660443717842197,-0.27343246292274664,0.0019751994404941797,0.31969743967056274,9.109779357910156,-0.0843813419342041,0.04177018254995346,0.25,0.04,0.125,3.0,2.0,9e-06,0.4,3e-05,1.0,SAC405,SAC405,SAC405
387,0.0019751994404941797,0.31969743967056274,9.109779357910156,-0.0843813419342041,0.04177018254995346,53.049999999999955,127,0.10660443717842197,-0.27343246292274664,0.0019751994404941797,0.31969743967056274,9.109779357910156,-0.0843813419342041,0.04177018254995346,0.25,0.04,0.125,3.0,2.0,9e-06,0.4,3e-05,1.0,SAC405,SAC405,SAC405
99,0.006137020420283079,0.01307922974228859,6.751657485961914,-0.029545040801167488,0.06175728142261505,53.000000000000114,128,0.21577706589676515,0.2376372564626574,0.006137020420283079,0.01307922974228859,6.751657485961914,-0.029545040801167488,0.06175728142261505,0.25,0.06,0.125,9.0,2.0,6e-06,1.2,2e-05,1.0,SAC205,SAC205,SAC405
158,0.00439028674736619,0.26894620060920715,8.78125,-0.08056852966547012,0.03737656772136688,52.44999999999982,129,0.09508790700717669,-0.21953573497548567,0.00439028674736619,0.26894620060920715,8.78125,-0.08056852966547012,0.03737656772136688,0.25,0.04,0.125,3.0,1.5,6e-06,0.4,2.5e-05,1.0,SAC305,SAC405,SAC405
111,0.008050385862588882,0.16636934876441956,7.254390239715576,-0.08530932664871216,0.07214982062578201,51.99999999999983,130,-0.03027420517299111,-0.011875345344955272,0.008050385862588882,0.16636934876441956,7.254390239715576,-0.08530932664871216,0.07214982062578201,0.25,0.04,0.125,9.0,2.0,9e-06,0.4,2e-05,1.0,SAC105,SAC205,SAC405
109,0.0009290555608458817,0.36678826808929443,7.469593048095703,-0.03173912316560745,0.0015489524230360985,50.699999999999875,131,0.28243879832517355,-0.2401157503621213,0.0009290555608458817,0.36678826808929443,7.469593048095703,-0.03173912316560745,0.0015489524230360985,0.75,0.06,0.125,3.0,2.0,9e-06,1.2,3e-05,1.5,SAC405,SAC305,SAC405
91,0.0,0.30419933795928955,9.41547966003418,-0.0894707664847374,0.05466490238904953,50.299999999999955,132,0.11349711068214925,-0.24892315772065166,0.0,0.30419933795928955,9.41547966003418,-0.0894707664847374,0.05466490238904953,0.25,0.04,0.125,6.0,2.0,9e-06,0.4,2e-05,2.0,SAC405,SAC405,SAC305
478,0.004073570016771555,0.04989640787243843,6.751657485961914,-0.029545040801167488,0.06175728142261505,49.50000000000034,133,0.22942123284749863,0.21192294705113768,0.004073570016771555,0.04989640787243843,6.751657485961914,-0.029545040801167488,0.06175728142261505,0.25,0.06,0.125,9.0,2.0,6e-06,1.2,2e-05,1.0,SAC205,SAC205,SAC105
221,0.006857563741505146,0.13200224936008453,9.476540565490723,-0.08689715713262558,0.05499984323978424,49.40000000000032,134,0.09318815184713963,-0.10652422463740009,0.006857563741505146,0.13200224936008453,9.476540565490723,-0.08689715713262558,0.05499984323978424,0.25,0.04,0.125,9.0,2.0,6e-06,0.4,2e-05,1.0,SAC205,SAC405,SAC405
488,0.00813987571746111,0.0,5.090941429138184,-0.028715524822473526,0.08391203731298447,46.99999999999983,135,0.10734377312028585,0.35938231252364305,0.00813987571746111,0.0,5.090941429138184,-0.028715524822473526,0.08391203731298447,0.25,0.06,0.125,9.0,1.5,6e-06,1.2,2e-05,1.0,SAC205,SAC105,SAC305
181,0.002479683607816696,0.35900306701660156,7.064866542816162,-0.08340044319629669,0.059270020574331284,46.89999999999969,136,-0.012605186304024078,-0.18058719048407054,0.002479683607816696,0.35900306701660156,7.064866542816162,-0.08340044319629669,0.059270020574331284,0.25,0.04,0.125,6.0,1.5,9e-06,0.4,2.5e-05,1.5,SAC205,SAC205,SAC305
16,0.026730148121714592,0.0,6.6708855628967285,-0.018090588971972466,0.018475614488124847,46.80000000000052,137,0.10169170540377047,0.1826647270553841,0.026730148121714592,0.0,6.6708855628967285,-0.018090588971972466,0.018475614488124847,0.75,0.06,0.125,3.0,2.0,3e-06,1.2,2e-05,1.0,SAC405,SAC205,SAC405
417,0.0015166423982009292,0.3168531060218811,7.099596977233887,-0.08498872816562653,0.07601629942655563,46.75000000000034,138,-0.0120415594652327,-0.10834518186332623,0.0015166423982009292,0.3168531060218811,7.099596977233887,-0.08498872816562653,0.07601629942655563,0.25,0.04,0.125,9.0,1.5,9e-06,0.4,2.5e-05,1.5,SAC105,SAC205,SAC305
7,0.003654878120869398,0.054586805403232574,5.015651226043701,-0.03026939183473587,0.11539929360151291,46.25000000000034,139,0.11042239349239517,0.43690595725217285,0.003654878120869398,0.054586805403232574,5.015651226043701,-0.03026939183473587,0.11539929360151291,0.5,0.06,0.125,9.0,1.5,6e-06,1.2,2e-05,1.5,SAC205,SAC105,SAC305
21,0.003654878120869398,0.054586805403232574,5.015651226043701,-0.03026939183473587,0.11539929360151291,46.25000000000034,140,0.11042239349239517,0.43690595725217285,0.003654878120869398,0.054586805403232574,5.015651226043701,-0.03026939183473587,0.11539929360151291,0.5,0.06,0.125,9.0,1.5,6e-06,1.2,2e-05,1.5,SAC205,SAC105,SAC305
120,0.003180681960657239,0.4115736484527588,7.774326801300049,-0.08407281339168549,0.04198714345693588,46.05000000000001,141,0.012417666742706553,-0.3022679399794672,0.003180681960657239,0.4115736484527588,7.774326801300049,-0.08407281339168549,0.04198714345693588,0.25,0.04,0.125,9.0,2.0,6e-06,0.4,3e-05,2.0,SAC405,SAC305,SAC405
98,0.003180681960657239,0.4115736484527588,7.774326801300049,-0.08407281339168549,0.04198714345693588,46.05000000000001,142,0.012417666742706553,-0.3022679399794672,0.003180681960657239,0.4115736484527588,7.774326801300049,-0.08407281339168549,0.04198714345693588,0.25,0.04,0.125,9.0,2.0,6e-06,0.4,3e-05,2.0,SAC405,SAC305,SAC405
280,0.001921617309562862,0.37802308797836304,7.142045497894287,-0.08188246190547943,0.05638981983065605,45.59999999999991,143,-6.132269894269991e-05,-0.20360940658477564,0.001921617309562862,0.37802308797836304,7.142045497894287,-0.08188246190547943,0.05638981983065605,0.25,0.04,0.125,6.0,2.0,9e-06,0.4,3e-05,2.0,SAC105,SAC205,SAC405
279,0.001921617309562862,0.37802308797836304,7.142045497894287,-0.08188246190547943,0.05638981983065605,45.59999999999991,144,-6.132269894269991e-05,-0.20360940658477564,0.001921617309562862,0.37802308797836304,7.142045497894287,-0.08188246190547943,0.05638981983065605,0.25,0.04,0.125,6.0,2.0,9e-06,0.4,3e-05,2.0,SAC105,SAC205,SAC405
376,0.005745402537286282,0.23465318977832794,8.011619567871094,-0.08463799953460693,0.0491802804172039,44.899999999999864,145,0.029684362131312203,-0.1425380967444987,0.005745402537286282,0.23465318977832794,8.011619567871094,-0.08463799953460693,0.0491802804172039,0.25,0.04,0.125,9.0,2.0,6e-06,0.4,2.5e-05,1.0,SAC405,SAC305,SAC405
375,0.003961908631026745,0.29482021927833557,8.618875503540039,-0.08021092414855957,0.03306053206324577,44.249999999999886,146,0.0908153064778411,-0.24345850793696733,0.003961908631026745,0.29482021927833557,8.618875503540039,-0.08021092414855957,0.03306053206324577,0.25,0.04,0.125,3.0,1.5,6e-06,0.4,3e-05,1.0,SAC305,SAC405,SAC405
274,0.003961908631026745,0.29482021927833557,8.618875503540039,-0.08021092414855957,0.03306053206324577,44.249999999999886,147,0.0908153064778411,-0.24345850793696733,0.003961908631026745,0.29482021927833557,8.618875503540039,-0.08021092414855957,0.03306053206324577,0.25,0.04,0.125,3.0,1.5,6e-06,0.4,3e-05,1.0,SAC305,SAC405,SAC405
54,0.016162967309355736,0.0,6.9485673904418945,-0.01891849935054779,0.02095455303788185,43.850000000000364,148,0.20906441600903627,0.16179244839080714,0.016162967309355736,0.0,6.9485673904418945,-0.01891849935054779,0.02095455303788185,0.5,0.06,0.125,3.0,2.0,3e-06,1.2,2e-05,1.0,SAC305,SAC205,SAC405
134,0.0,0.38169053196907043,8.126740455627441,-0.08374383300542831,0.051417190581560135,43.15000000000015,149,0.061083844379514175,-0.26111068138045507,0.0,0.38169053196907043,8.126740455627441,-0.08374383300542831,0.051417190581560135,0.25,0.04,0.125,6.0,2.0,9e-06,0.4,3e-05,2.0,SAC405,SAC305,SAC405
359,0.003985896240919828,0.24179643392562866,7.178532600402832,-0.08519136160612106,0.0710129365324974,42.89999999999998,150,-0.01089633869310142,-0.0662283511330163,0.003985896240919828,0.24179643392562866,7.178532600402832,-0.08519136160612106,0.0710129365324974,0.25,0.04,0.125,9.0,2.0,9e-06,0.4,2.5e-05,1.0,SAC105,SAC205,SAC405
102,0.005917191505432129,0.09460018575191498,8.450427055358887,-0.08098030835390091,0.06843692809343338,42.55000000000001,151,0.0744112017262242,0.003660749820374173,0.005917191505432129,0.09460018575191498,8.450427055358887,-0.08098030835390091,0.06843692809343338,0.25,0.06,0.125,6.0,1.5,6e-06,0.4,2e-05,1.0,SAC405,SAC405,SAC405
386,0.004617252387106419,0.17360712587833405,8.37515640258789,-0.08648373186588287,0.06500620394945145,42.39999999999975,152,0.049842147802819196,-0.07311762755744367,0.004617252387106419,0.17360712587833405,8.37515640258789,-0.08648373186588287,0.06500620394945145,0.25,0.04,0.125,9.0,1.5,9e-06,0.4,2e-05,1.0,SAC305,SAC305,SAC405
0,0.02530308999121189,0.006865282077342272,6.569550037384033,-0.016677986830472946,0.015867745503783226,41.70000000000039,153,0.11739521237815775,0.17357951192161808,0.02530308999121189,0.006865282077342272,6.569550037384033,-0.016677986830472946,0.015867745503783226,0.25,0.04,0.125,3.0,2.0,3e-06,1.2,2e-05,1.0,SAC305,SAC105,SAC405
58,0.02530308999121189,0.006865282077342272,6.569550037384033,-0.016677986830472946,0.015867745503783226,41.70000000000039,154,0.11739521237815775,0.17357951192161808,0.02530308999121189,0.006865282077342272,6.569550037384033,-0.016677986830472946,0.015867745503783226,0.25,0.04,0.125,3.0,2.0,3e-06,1.2,2e-05,1.0,SAC305,SAC105,SAC405
360,0.0,0.3597271144390106,9.109779357910156,-0.0843813419342041,0.04177018254995346,41.650000000000034,155,0.11832693368961619,-0.30754972222621946,0.0,0.3597271144390106,9.109779357910156,-0.0843813419342041,0.04177018254995346,0.25,0.04,0.125,3.0,2.0,9e-06,0.4,3e-05,1.0,SAC405,SAC405,SAC205
429,0.0075293732807040215,0.06486082822084427,8.349506378173828,-0.07334772497415543,0.056803226470947266,41.59999999999985,156,0.09690862566719805,0.016351572307357384,0.0075293732807040215,0.06486082822084427,8.349506378173828,-0.07334772497415543,0.056803226470947266,0.25,0.04,0.125,6.0,2.0,3e-06,0.4,2e-05,1.0,SAC405,SAC305,SAC405
254,0.004452115390449762,0.0,6.800921440124512,-0.029545040801167488,0.06676062196493149,41.400000000000205,157,0.2312289724953592,0.25705159842881925,0.004452115390449762,0.0,6.800921440124512,-0.029545040801167488,0.06676062196493149,0.25,0.06,0.125,9.0,1.5,6e-06,1.2,2e-05,1.5,SAC205,SAC205,SAC305
45,0.003654878120869398,0.054586805403232574,4.914862155914307,-0.0299910269677639,0.10728511214256287,40.750000000000284,158,0.1112272910622994,0.40517697334555886,0.003654878120869398,0.054586805403232574,4.914862155914307,-0.0299910269677639,0.10728511214256287,0.5,0.06,0.125,9.0,2.0,6e-06,1.2,2e-05,1.5,SAC205,SAC105,SAC305
291,0.003654878120869398,0.054586805403232574,4.914862155914307,-0.0299910269677639,0.10728511214256287,40.750000000000284,159,0.1112272910622994,0.40517697334555886,0.003654878120869398,0.054586805403232574,4.914862155914307,-0.0299910269677639,0.10728511214256287,0.5,0.06,0.125,9.0,2.0,6e-06,1.2,2e-05,1.5,SAC205,SAC105,SAC305
107,0.01465405710041523,0.02725912258028984,7.11147403717041,-0.01825804077088833,0.012472531758248806,40.35000000000042,160,0.23405770071125978,0.1123569780275735,0.01465405710041523,0.02725912258028984,7.11147403717041,-0.01825804077088833,0.012472531758248806,0.25,0.06,0.125,3.0,1.5,3e-06,1.2,2e-05,1.0,SAC305,SAC205,SAC205
410,0.012092893943190575,0.0,6.949917793273926,-0.030430471524596214,0.03628940135240555,40.30000000000007,161,0.1843266247792186,0.16550950908049963,0.012092893943190575,0.0,6.949917793273926,-0.030430471524596214,0.03628940135240555,0.25,0.06,0.125,3.0,1.0,3e-06,0.8,2e-05,1.0,SAC405,SAC205,SAC405
230,0.017088375985622406,0.0,7.080948352813721,-0.01852608658373356,0.014822619035840034,40.20000000000033,162,0.2127855573711777,0.1411092188028217,0.017088375985622406,0.0,7.080948352813721,-0.01852608658373356,0.014822619035840034,0.25,0.06,0.125,3.0,2.0,3e-06,1.2,2e-05,1.0,SAC305,SAC205,SAC405
284,0.016442367807030678,0.013382031582295895,7.11147403717041,-0.01825804077088833,0.012472531758248806,39.350000000000136,163,0.22072227834457825,0.1238548478127302,0.016442367807030678,0.013382031582295895,7.11147403717041,-0.01825804077088833,0.012472531758248806,0.25,0.06,0.125,3.0,1.5,3e-06,1.2,2e-05,1.0,SAC405,SAC205,SAC205
87,0.016442367807030678,0.013382031582295895,7.11147403717041,-0.01825804077088833,0.012472531758248806,39.350000000000136,164,0.22072227834457825,0.1238548478127302,0.016442367807030678,0.013382031582295895,7.11147403717041,-0.01825804077088833,0.012472531758248806,0.25,0.06,0.125,3.0,1.5,3e-06,1.2,2e-05,1.0,SAC405,SAC205,SAC205
355,0.0,0.31079307198524475,8.246384620666504,-0.08354119956493378,0.05537771061062813,39.2999999999999,165,0.0783283900916548,-0.1917347633437019,0.0,0.31079307198524475,8.246384620666504,-0.08354119956493378,0.05537771061062813,0.25,0.04,0.125,6.0,1.5,9e-06,0.4,3e-05,1.0,SAC105,SAC305,SAC205
28,0.022164717316627502,0.2557160258293152,5.572686672210693,-0.07341133058071136,0.02488023042678833,39.15000000000009,166,-0.1799700816907076,-0.12158294426586598,0.022164717316627502,0.2557160258293152,5.572686672210693,-0.07341133058071136,0.02488023042678833,0.25,0.04,0.125,9.0,2.0,9e-06,0.4,3e-05,1.0,SAC205,SAC105,SAC405
271,0.022164717316627502,0.2557160258293152,5.572686672210693,-0.07341133058071136,0.02488023042678833,39.15000000000009,167,-0.1799700816907076,-0.12158294426586598,0.022164717316627502,0.2557160258293152,5.572686672210693,-0.07341133058071136,0.02488023042678833,0.25,0.04,0.125,9.0,2.0,9e-06,0.4,3e-05,1.0,SAC205,SAC105,SAC405
8,0.026014715433120728,0.0,6.569550037384033,-0.016677986830472946,0.015867745503783226,39.05000000000041,168,0.1115164769449483,0.1796328728025524,0.026014715433120728,0.0,6.569550037384033,-0.016677986830472946,0.015867745503783226,0.25,0.04,0.125,3.0,2.0,3e-06,1.2,2e-05,1.0,SAC405,SAC105,SAC405
444,0.004456051159650087,0.1483469307422638,9.329771041870117,-0.08424685150384903,0.05468296259641647,38.94999999999982,169,0.11521093493906517,-0.10693103178665934,0.004456051159650087,0.1483469307422638,9.329771041870117,-0.08424685150384903,0.05468296259641647,0.5,0.06,0.125,3.0,1.0,9e-06,0.4,2e-05,1.5,SAC405,SAC405,SAC405
424,0.008492127060890198,0.14999331533908844,7.453457832336426,-0.033578354865312576,0.0018987858202308416,38.69999999999982,170,0.22379520376792392,-0.0613974829008666,0.008492127060890198,0.14999331533908844,7.453457832336426,-0.033578354865312576,0.0018987858202308416,0.75,0.06,0.125,3.0,2.0,9e-06,1.2,2e-05,1.5,SAC405,SAC305,SAC405
69,0.017088375985622406,0.0,5.3864665031433105,-0.017314458265900612,0.03961537778377533,38.45000000000033,171,0.11539391693417517,0.26699171204818406,0.017088375985622406,0.0,5.3864665031433105,-0.017314458265900612,0.03961537778377533,0.25,0.06,0.125,3.0,1.5,3e-06,1.2,2e-05,1.0,SAC305,SAC105,SAC405
404,0.017088375985622406,0.0,5.3864665031433105,-0.017314458265900612,0.03961537778377533,38.45000000000033,172,0.11539391693417517,0.26699171204818406,0.017088375985622406,0.0,5.3864665031433105,-0.017314458265900612,0.03961537778377533,0.25,0.06,0.125,3.0,1.5,3e-06,1.2,2e-05,1.0,SAC305,SAC105,SAC405
6,0.0,0.20849093794822693,9.576766014099121,-0.0901273712515831,0.06619655340909958,38.45000000000016,173,0.12679534791509647,-0.14541173128588034,0.0,0.20849093794822693,9.576766014099121,-0.0901273712515831,0.06619655340909958,0.25,0.04,0.125,9.0,1.5,9e-06,0.4,2e-05,1.0,SAC305,SAC405,SAC205
62,0.021154189482331276,0.0,6.724752426147461,-0.018336709588766098,0.016125528141856194,38.25000000000057,174,0.15822093214835,0.16146240869704473,0.021154189482331276,0.0,6.724752426147461,-0.018336709588766098,0.016125528141856194,0.75,0.06,0.125,3.0,1.5,3e-06,1.2,2e-05,1.0,SAC305,SAC205,SAC305
88,0.021154189482331276,0.0,6.724752426147461,-0.018336709588766098,0.016125528141856194,38.25000000000057,175,0.15822093214835,0.16146240869704473,0.021154189482331276,0.0,6.724752426147461,-0.018336709588766098,0.016125528141856194,0.75,0.06,0.125,3.0,1.5,3e-06,1.2,2e-05,1.0,SAC305,SAC205,SAC305
261,0.001183285959996283,0.29070353507995605,8.113133430480957,-0.08511946350336075,0.05861032381653786,37.94999999999976,176,0.05647392395168431,-0.16652417030794656,0.001183285959996283,0.29070353507995605,8.113133430480957,-0.08511946350336075,0.05861032381653786,0.25,0.04,0.125,6.0,2.0,9e-06,0.4,2.5e-05,2.0,SAC405,SAC305,SAC205
323,0.0,0.33625420928001404,8.156262397766113,-0.08298453688621521,0.0518232136964798,37.7000000000001,177,0.07398518818922899,-0.21747570514354736,0.0,0.33625420928001404,8.156262397766113,-0.08298453688621521,0.0518232136964798,0.25,0.04,0.125,3.0,2.0,9e-06,0.4,2.5e-05,1.0,SAC105,SAC305,SAC405
256,0.0011549426708370447,0.3026481568813324,7.469593048095703,-0.03173912316560745,0.0015489524230360985,36.50000000000006,178,0.28214055108438385,-0.17883373217537293,0.0011549426708370447,0.3026481568813324,7.469593048095703,-0.03173912316560745,0.0015489524230360985,0.75,0.06,0.125,3.0,2.0,9e-06,1.2,3e-05,1.0,SAC405,SAC305,SAC405
231,0.013129164464771748,0.0695386454463005,7.165750026702881,-0.07366356998682022,0.05342356115579605,36.150000000000205,179,-0.0035742551618089214,0.03848937462948285,0.013129164464771748,0.0695386454463005,7.165750026702881,-0.07366356998682022,0.05342356115579605,0.25,0.04,0.125,9.0,2.0,3e-06,0.4,2e-05,1.0,SAC305,SAC205,SAC405
42,0.015215440653264523,0.0,6.976655006408691,-0.019164619967341423,0.018604464828968048,36.05000000000024,180,0.21781554264527966,0.15102142321381282,0.015215440653264523,0.0,6.976655006408691,-0.019164619967341423,0.018604464828968048,0.5,0.06,0.125,3.0,1.5,3e-06,1.2,2e-05,1.0,SAC405,SAC205,SAC205
475,0.0013771634548902512,0.06844136863946915,8.90345287322998,-0.06467203795909882,0.06492985039949417,35.05000000000018,181,0.20598982248830894,0.04107155711639425,0.0013771634548902512,0.06844136863946915,8.90345287322998,-0.06467203795909882,0.06492985039949417,0.5,0.06,0.125,3.0,1.0,3e-06,0.4,2e-05,1.0,SAC405,SAC405,SAC205
487,0.006183995399624109,0.01337191928178072,8.163413047790527,-0.06855805218219757,0.0674731656908989,35.05000000000007,182,0.11966148973183569,0.09613030205209007,0.006183995399624109,0.01337191928178072,8.163413047790527,-0.06855805218219757,0.0674731656908989,0.25,0.06,0.125,3.0,1.0,3e-06,0.4,2e-05,1.0,SAC405,SAC405,SAC405
141,0.006857563741505146,0.13200224936008453,8.060919761657715,-0.08491836488246918,0.06367262452840805,35.00000000000023,183,0.030716040592536655,-0.03273316968997734,0.006857563741505146,0.13200224936008453,8.060919761657715,-0.08491836488246918,0.06367262452840805,0.25,0.04,0.125,9.0,1.5,6e-06,0.4,2e-05,1.0,SAC205,SAC305,SAC405
296,0.0012399594997987151,0.3144054710865021,8.245232582092285,-0.08637773245573044,0.05281491205096245,34.99999999999977,184,0.05679444270639948,-0.20780036498552562,0.0012399594997987151,0.3144054710865021,8.245232582092285,-0.08637773245573044,0.05281491205096245,0.25,0.04,0.125,9.0,2.0,9e-06,0.4,2.5e-05,2.0,SAC405,SAC305,SAC405
299,0.00598521763458848,0.034227050840854645,5.026421546936035,-0.03177124261856079,0.0828503742814064,34.79999999999973,185,0.10596777782435136,0.32049697416618284,0.00598521763458848,0.034227050840854645,5.026421546936035,-0.03177124261856079,0.0828503742814064,0.25,0.06,0.125,9.0,1.0,3e-06,0.8,2.5e-05,1.5,SAC305,SAC105,SAC305
289,0.00598521763458848,0.034227050840854645,8.094353675842285,-0.03379879519343376,0.032732781022787094,33.10000000000002,186,0.27769823473969796,0.08611428026480347,0.00598521763458848,0.034227050840854645,8.094353675842285,-0.03379879519343376,0.032732781022787094,0.25,0.06,0.125,9.0,2.0,3e-06,0.8,2.5e-05,1.5,SAC305,SAC305,SAC305
238,0.006016548722982407,0.19299519062042236,7.059944152832031,-0.08393703401088715,0.06579918414354324,32.89999999999975,187,-0.014734790356999778,-0.037117073178145187,0.006016548722982407,0.19299519062042236,7.059944152832031,-0.08393703401088715,0.06579918414354324,0.25,0.04,0.125,9.0,2.0,6e-06,0.4,2e-05,1.0,SAC305,SAC205,SAC305
191,0.0006593280704692006,0.28987279534339905,8.315369606018066,-0.08541207015514374,0.05602148920297623,32.84999999999985,188,0.0715615938406861,-0.17940982400038472,0.0006593280704692006,0.28987279534339905,8.315369606018066,-0.08541207015514374,0.05602148920297623,0.25,0.04,0.125,9.0,1.5,9e-06,0.4,3e-05,1.0,SAC105,SAC305,SAC205
317,0.004073570016771555,0.04989640787243843,5.090941429138184,-0.028715524822473526,0.08391203731298447,32.14999999999975,189,0.1354409737213307,0.3221294618664555,0.004073570016771555,0.04989640787243843,5.090941429138184,-0.028715524822473526,0.08391203731298447,0.25,0.06,0.125,9.0,1.5,6e-06,1.2,2e-05,1.0,SAC205,SAC105,SAC105
263,0.007322886027395725,0.07336980849504471,8.566922187805176,-0.0745113343000412,0.05100781470537186,32.099999999999625,190,0.10619381639519485,-0.013829721175802693,0.007322886027395725,0.07336980849504471,8.566922187805176,-0.0745113343000412,0.05100781470537186,0.25,0.04,0.125,9.0,2.0,3e-06,0.4,2e-05,1.0,SAC405,SAC305,SAC405
1,0.0,0.4243631064891815,8.261567115783691,-0.08561470359563828,0.04562177509069443,31.89999999999992,191,0.05576287143929503,-0.32498397095680104,0.0,0.4243631064891815,8.261567115783691,-0.08561470359563828,0.04562177509069443,0.25,0.04,0.125,9.0,2.0,9e-06,0.4,3e-05,2.0,SAC405,SAC305,SAC405
229,0.0,0.4243631064891815,8.261567115783691,-0.08561470359563828,0.04562177509069443,31.89999999999992,192,0.05576287143929503,-0.32498397095680104,0.0,0.4243631064891815,8.261567115783691,-0.08561470359563828,0.04562177509069443,0.25,0.04,0.125,9.0,2.0,9e-06,0.4,3e-05,2.0,SAC405,SAC305,SAC405
67,0.0,0.3960517346858978,8.019819259643555,-0.08188274502754211,0.044630080461502075,30.849999999999966,193,0.06552313593707924,-0.2810520651883885,0.0,0.3960517346858978,8.019819259643555,-0.08188274502754211,0.044630080461502075,0.25,0.04,0.125,3.0,2.0,9e-06,0.4,3e-05,1.0,SAC105,SAC305,SAC205
77,0.0025338567793369293,0.13493140041828156,8.57155990600586,-0.03582267090678215,0.0183118749409914,30.549999999999784,194,0.32005460653748813,-0.04833801388505093,0.0025338567793369293,0.13493140041828156,8.57155990600586,-0.03582267090678215,0.0183118749409914,0.5,0.06,0.125,3.0,2.0,9e-06,1.2,2e-05,1.5,SAC405,SAC405,SAC405
361,0.0025338567793369293,0.13493140041828156,8.57155990600586,-0.03582267090678215,0.0183118749409914,30.549999999999784,195,0.32005460653748813,-0.04833801388505093,0.0025338567793369293,0.13493140041828156,8.57155990600586,-0.03582267090678215,0.0183118749409914,0.5,0.06,0.125,3.0,2.0,9e-06,1.2,2e-05,1.5,SAC405,SAC405,SAC405
144,0.005836845841258764,0.1758922040462494,7.453457832336426,-0.033578354865312576,0.0018987858202308416,30.549999999999784,196,0.2421954451685371,-0.07978371779688309,0.005836845841258764,0.1758922040462494,7.453457832336426,-0.033578354865312576,0.0018987858202308416,0.75,0.06,0.125,3.0,2.0,9e-06,1.2,2e-05,1.5,SAC205,SAC305,SAC305
493,0.002337645972147584,0.2695368230342865,6.899904727935791,-0.08364470303058624,0.06736460328102112,30.399999999999864,197,-0.004669204367288082,-0.0821008702570578,0.002337645972147584,0.2695368230342865,6.899904727935791,-0.08364470303058624,0.06736460328102112,0.25,0.04,0.125,9.0,1.5,6e-06,0.4,2.5e-05,1.0,SAC405,SAC205,SAC205
262,0.002918124897405505,0.15119431912899017,8.039053916931152,-0.08491836488246918,0.07638998329639435,30.249999999999943,198,0.05221023994041734,-0.012861556510171334,0.002918124897405505,0.15119431912899017,8.039053916931152,-0.08491836488246918,0.07638998329639435,0.25,0.04,0.125,9.0,1.0,6e-06,0.4,2e-05,1.0,SAC305,SAC305,SAC405
89,0.007046472281217575,0.15922607481479645,6.912910461425781,-0.08393703401088715,0.07080253213644028,30.099999999999966,199,-0.0266695268264057,0.0033843839089423232,0.007046472281217575,0.15922607481479645,6.912910461425781,-0.08393703401088715,0.07080253213644028,0.25,0.04,0.125,9.0,1.5,6e-06,0.4,2e-05,1.0,SAC405,SAC205,SAC405
44,0.0,0.3863033950328827,7.331974506378174,-0.0427497997879982,0.005929953884333372,28.80000000000001,200,0.22333402137919592,-0.2589563494014114,0.0,0.3863033950328827,7.331974506378174,-0.0427497997879982,0.005929953884333372,0.75,0.06,0.125,3.0,2.0,9e-06,0.8,3e-05,1.5,SAC405,SAC305,SAC405
11,0.0,0.3863033950328827,7.331974506378174,-0.0427497997879982,0.005929953884333372,28.80000000000001,201,0.22333402137919592,-0.2589563494014114,0.0,0.3863033950328827,7.331974506378174,-0.0427497997879982,0.005929953884333372,0.75,0.06,0.125,3.0,2.0,9e-06,0.8,3e-05,1.5,SAC405,SAC305,SAC405
438,0.0038139193784445524,0.1522144079208374,8.889347076416016,-0.08522319048643112,0.05904053896665573,28.64999999999958,202,0.09285419001343856,-0.08544525952651356,0.0038139193784445524,0.1522144079208374,8.889347076416016,-0.08522319048643112,0.05904053896665573,0.25,0.06,0.125,6.0,2.0,9e-06,0.4,2e-05,1.0,SAC205,SAC405,SAC305
330,0.0021641156636178493,0.2814432978630066,8.011619567871094,-0.08463799953460693,0.0491802804172039,27.89999999999941,203,0.053181395057159374,-0.17596776068899828,0.0021641156636178493,0.2814432978630066,8.011619567871094,-0.08463799953460693,0.0491802804172039,0.25,0.04,0.125,9.0,2.0,6e-06,0.4,2.5e-05,2.0,SAC305,SAC305,SAC405
366,0.008860666304826736,0.3843498229980469,5.216213703155518,-0.07175546884536743,0.033209897577762604,26.499999999999602,204,-0.09458994519428916,-0.1741092709590158,0.008860666304826736,0.3843498229980469,5.216213703155518,-0.07175546884536743,0.033209897577762604,0.25,0.04,0.125,9.0,1.5,6e-06,0.4,3e-05,2.0,SAC205,SAC105,SAC405
303,0.008860666304826736,0.3843498229980469,5.216213703155518,-0.07175546884536743,0.033209897577762604,26.499999999999602,205,-0.09458994519428916,-0.1741092709590158,0.008860666304826736,0.3843498229980469,5.216213703155518,-0.07175546884536743,0.033209897577762604,0.25,0.04,0.125,9.0,1.5,6e-06,0.4,3e-05,2.0,SAC205,SAC105,SAC405
189,0.00919167697429657,0.1874261498451233,7.111760139465332,-0.08295812457799911,0.050232138484716415,24.80000000000001,206,-0.024385681354744327,-0.07153266805693562,0.00919167697429657,0.1874261498451233,7.111760139465332,-0.08295812457799911,0.050232138484716415,0.25,0.04,0.125,3.0,1.5,9e-06,0.4,2e-05,1.0,SAC305,SAC205,SAC405
362,0.005939045920968056,0.03198282793164253,4.984073162078857,-0.026533344760537148,0.07101145386695862,24.549999999999784,207,0.1321690238121624,0.3008103097525457,0.005939045920968056,0.03198282793164253,4.984073162078857,-0.026533344760537148,0.07101145386695862,0.25,0.06,0.125,3.0,1.0,6e-06,1.2,2e-05,1.0,SAC205,SAC105,SAC405
197,0.012268462218344212,0.01309508178383112,6.849057674407959,-0.030889911577105522,0.027753785252571106,23.600000000000364,208,0.17742439864359527,0.13211953348723096,0.012268462218344212,0.01309508178383112,6.849057674407959,-0.030889911577105522,0.027753785252571106,0.5,0.06,0.125,3.0,2.0,3e-06,0.8,2e-05,1.0,SAC405,SAC205,SAC405
382,0.0016518242191523314,0.2707633972167969,8.126740455627441,-0.08374383300542831,0.051417190581560135,23.099999999999568,209,0.06684245432832991,-0.16424080400447216,0.0016518242191523314,0.2707633972167969,8.126740455627441,-0.08374383300542831,0.051417190581560135,0.25,0.04,0.125,6.0,2.0,9e-06,0.4,3e-05,1.0,SAC105,SAC305,SAC405
129,0.0,0.2775475084781647,7.589601039886475,-0.03304903581738472,0.0024968443904072046,22.400000000000034,210,0.2916173749015349,-0.15978550659046084,0.0,0.2775475084781647,7.589601039886475,-0.03304903581738472,0.0024968443904072046,0.5,0.06,0.125,3.0,2.0,9e-06,1.2,3e-05,1.0,SAC305,SAC305,SAC405
272,0.0026343443896621466,0.1731298416852951,9.41547966003418,-0.0894707664847374,0.05466490238904953,20.649999999999864,211,0.11034787703557641,-0.13842890436877092,0.0026343443896621466,0.1731298416852951,9.41547966003418,-0.0894707664847374,0.05466490238904953,0.25,0.04,0.125,6.0,2.0,9e-06,0.4,2e-05,1.0,SAC405,SAC405,SAC405
29,0.0014476197538897395,0.3380337655544281,8.526884078979492,-0.08021092414855957,0.032299790531396866,20.19999999999999,212,0.10218872232188776,-0.27484669792595695,0.0014476197538897395,0.3380337655544281,8.526884078979492,-0.08021092414855957,0.032299790531396866,0.25,0.04,0.125,3.0,2.0,6e-06,0.4,3e-05,1.0,SAC205,SAC405,SAC205
325,0.0014476197538897395,0.3380337655544281,8.526884078979492,-0.08021092414855957,0.032299790531396866,20.19999999999999,213,0.10218872232188776,-0.27484669792595695,0.0014476197538897395,0.3380337655544281,8.526884078979492,-0.08021092414855957,0.032299790531396866,0.25,0.04,0.125,3.0,2.0,6e-06,0.4,3e-05,1.0,SAC205,SAC405,SAC205
5,0.0010892020072788,0.1743655800819397,10.281813621520996,-0.08659573644399643,0.05392945557832718,20.100000000000136,214,0.17893980346571403,-0.1671991877598009,0.0010892020072788,0.1743655800819397,10.281813621520996,-0.08659573644399643,0.05392945557832718,0.5,0.04,0.125,3.0,1.0,9e-06,0.4,2e-05,1.0,SAC405,SAC405,SAC405
51,0.0010892020072788,0.1743655800819397,10.281813621520996,-0.08659573644399643,0.05392945557832718,20.100000000000136,215,0.17893980346571403,-0.1671991877598009,0.0010892020072788,0.1743655800819397,10.281813621520996,-0.08659573644399643,0.05392945557832718,0.5,0.04,0.125,3.0,1.0,9e-06,0.4,2e-05,1.0,SAC405,SAC405,SAC405
309,0.0009722884278744459,0.16841748356819153,9.517258644104004,-0.08459364622831345,0.05782921612262726,20.09999999999968,216,0.1479986631600786,-0.11950215793903927,0.0009722884278744459,0.16841748356819153,9.517258644104004,-0.08459364622831345,0.05782921612262726,0.5,0.06,0.125,6.0,1.5,9e-06,0.4,2e-05,1.0,SAC405,SAC405,SAC205
479,0.0009722884278744459,0.16841748356819153,9.517258644104004,-0.08459364622831345,0.05782921612262726,20.09999999999968,217,0.1479986631600786,-0.11950215793903927,0.0009722884278744459,0.16841748356819153,9.517258644104004,-0.08459364622831345,0.05782921612262726,0.5,0.06,0.125,6.0,1.5,9e-06,0.4,2e-05,1.0,SAC405,SAC405,SAC205
146,0.008311117999255657,0.2875058054924011,6.649219036102295,-0.07676045596599579,0.028413642197847366,19.799999999999613,218,-0.018639731960400523,-0.16799797751608697,0.008311117999255657,0.2875058054924011,6.649219036102295,-0.07676045596599579,0.028413642197847366,0.5,0.06,0.125,3.0,1.5,9e-06,0.4,2.5e-05,1.5,SAC305,SAC205,SAC405
167,0.004452115390449762,0.0,7.68513298034668,-0.029159780591726303,0.042342886328697205,18.599999999999795,219,0.28703854860276473,0.15999370045391806,0.004452115390449762,0.0,7.68513298034668,-0.029159780591726303,0.042342886328697205,0.25,0.06,0.125,9.0,2.0,6e-06,1.2,2e-05,1.5,SAC205,SAC305,SAC305
86,0.001549611217342317,0.18163885176181793,9.744148254394531,-0.0901273712515831,0.058082371950149536,18.299999999999784,220,0.12979567150687862,-0.15008457326674432,0.001549611217342317,0.18163885176181793,9.744148254394531,-0.0901273712515831,0.058082371950149536,0.25,0.04,0.125,9.0,2.0,9e-06,0.4,2e-05,1.0,SAC405,SAC405,SAC405
32,0.001549611217342317,0.18163885176181793,9.744148254394531,-0.0901273712515831,0.058082371950149536,18.299999999999784,221,0.12979567150687862,-0.15008457326674432,0.001549611217342317,0.18163885176181793,9.744148254394531,-0.0901273712515831,0.058082371950149536,0.25,0.04,0.125,9.0,2.0,9e-06,0.4,2e-05,1.0,SAC405,SAC405,SAC405
52,0.0032726440113037825,0.060212548822164536,5.06382417678833,-0.02861187793314457,0.07492727786302567,18.150000000000034,222,0.14418550681073394,0.28369452778049686,0.0032726440113037825,0.060212548822164536,5.06382417678833,-0.02861187793314457,0.07492727786302567,0.25,0.06,0.125,9.0,1.5,6e-06,1.2,2.5e-05,1.5,SAC205,SAC105,SAC305
463,0.00471534812822938,0.16823405027389526,7.196181297302246,-0.08356758952140808,0.06947530806064606,18.099999999999852,223,0.006632719793882999,-0.013569431827957182,0.00471534812822938,0.16823405027389526,7.196181297302246,-0.08356758952140808,0.06947530806064606,0.25,0.04,0.125,3.0,1.0,9e-06,0.4,2e-05,1.0,SAC205,SAC205,SAC405
205,0.018161989748477936,0.23330332338809967,5.264860153198242,-0.07175546884536743,0.025095708668231964,16.050000000000125,224,-0.1341047068843717,-0.0850496034871788,0.018161989748477936,0.23330332338809967,5.264860153198242,-0.07175546884536743,0.025095708668231964,0.25,0.04,0.125,9.0,2.0,6e-06,0.4,3e-05,1.0,SAC205,SAC105,SAC405
145,0.006474209483712912,0.2399567812681198,5.525317192077637,-0.08076692372560501,0.06333797425031662,16.000000000000114,225,-0.07707226195082567,-0.021684061307168698,0.006474209483712912,0.2399567812681198,5.525317192077637,-0.08076692372560501,0.06333797425031662,0.25,0.06,0.125,9.0,1.5,6e-06,0.4,2.5e-05,1.5,SAC405,SAC205,SAC405
103,0.0032726440113037825,0.060212548822164536,7.672600269317627,-0.029340315610170364,0.0333581417798996,15.350000000000136,226,0.29321701960790614,0.09303226053323155,0.0032726440113037825,0.060212548822164536,7.672600269317627,-0.029340315610170364,0.0333581417798996,0.25,0.06,0.125,9.0,2.0,6e-06,1.2,2.5e-05,1.5,SAC205,SAC305,SAC305
443,0.0020723131019622087,0.19732195138931274,7.974905014038086,-0.08324909210205078,0.05906832963228226,15.099999999999454,227,0.06622899353536782,-0.08266300612642927,0.0020723131019622087,0.19732195138931274,7.974905014038086,-0.08324909210205078,0.05906832963228226,0.25,0.04,0.125,6.0,2.0,6e-06,0.4,2e-05,1.0,SAC405,SAC305,SAC205
473,0.006857563741505146,0.13200224936008453,8.136787414550781,-0.08491836488246918,0.05327291786670685,14.799999999999784,228,0.04151466790847388,-0.06026610029374053,0.006857563741505146,0.13200224936008453,8.136787414550781,-0.08491836488246918,0.05327291786670685,0.25,0.04,0.125,9.0,2.0,6e-06,0.4,2e-05,1.0,SAC205,SAC305,SAC405
480,0.0026343443896621466,0.1731298416852951,8.245354652404785,-0.08582712709903717,0.060401905328035355,12.499999999999716,229,0.06724499510241877,-0.07649812489538083,0.0026343443896621466,0.1731298416852951,8.245354652404785,-0.08582712709903717,0.060401905328035355,0.25,0.04,0.125,6.0,2.0,9e-06,0.4,2e-05,1.0,SAC405,SAC305,SAC405
340,0.002918124897405505,0.15119431912899017,7.04296350479126,-0.08393703401088715,0.08782929927110672,12.449999999999818,230,0.004459417735276879,0.04862844232058312,0.002918124897405505,0.15119431912899017,7.04296350479126,-0.08393703401088715,0.08782929927110672,0.25,0.04,0.125,9.0,1.0,6e-06,0.4,2e-05,1.0,SAC305,SAC205,SAC405
121,0.01121512521058321,0.1650134027004242,6.930316925048828,-0.08040211349725723,0.03979472070932388,12.400000000000148,231,-0.027543983730774633,-0.06938395641536456,0.01121512521058321,0.1650134027004242,6.930316925048828,-0.08040211349725723,0.03979472070932388,0.25,0.04,0.125,3.0,1.5,6e-06,0.4,2e-05,1.0,SAC305,SAC205,SAC405
155,0.014548852108418941,0.2649152874946594,5.336378574371338,-0.07215306162834167,0.021462760865688324,12.250000000000284,232,-0.10136365537262255,-0.11693895330480956,0.014548852108418941,0.2649152874946594,5.336378574371338,-0.07215306162834167,0.021462760865688324,0.25,0.04,0.125,6.0,2.0,9e-06,0.4,3e-05,1.0,SAC205,SAC105,SAC405
202,0.003812219947576523,0.10564249008893967,8.562312126159668,-0.08418389409780502,0.06554778665304184,11.999999999999886,233,0.08547951386048842,-0.022455988191524816,0.003812219947576523,0.10564249008893967,8.562312126159668,-0.08418389409780502,0.06554778665304184,0.25,0.06,0.125,3.0,1.0,9e-06,0.4,2e-05,1.0,SAC205,SAC405,SAC405
401,0.005939045920968056,0.03198282793164253,7.780688762664795,-0.027315694838762283,0.0230171550065279,11.60000000000008,234,0.2918024751671513,0.08672435737232842,0.005939045920968056,0.03198282793164253,7.780688762664795,-0.027315694838762283,0.0230171550065279,0.25,0.06,0.125,3.0,2.0,6e-06,1.2,2e-05,1.0,SAC205,SAC305,SAC405
241,0.012170052155852318,0.001966010546311736,7.059620380401611,-0.031031733378767967,0.021621830761432648,11.300000000000125,235,0.19165114549880555,0.11509888992101107,0.012170052155852318,0.001966010546311736,7.059620380401611,-0.031031733378767967,0.021621830761432648,0.25,0.06,0.125,3.0,2.0,3e-06,0.8,2e-05,1.0,SAC305,SAC205,SAC405
373,0.002627877052873373,0.24437257647514343,8.025320053100586,-0.0819331556558609,0.04269888252019882,9.799999999999557,236,0.07086827702512465,-0.1556933971466206,0.002627877052873373,0.24437257647514343,8.025320053100586,-0.0819331556558609,0.04269888252019882,0.25,0.04,0.125,3.0,2.0,6e-06,0.4,2e-05,1.0,SAC105,SAC305,SAC205
180,0.01041523739695549,0.20030885934829712,4.841266632080078,-0.07195530086755753,0.05073310062289238,9.449999999999932,237,-0.08986137710325223,0.014097328831062444,0.01041523739695549,0.20030885934829712,4.841266632080078,-0.07195530086755753,0.05073310062289238,0.25,0.06,0.125,9.0,1.5,9e-06,0.4,2.5e-05,1.0,SAC205,SAC105,SAC305
293,3.903110700775869e-05,0.2991586923599243,7.331974506378174,-0.0427497997879982,0.005929953884333372,9.399999999999977,238,0.22873725658052915,-0.17857135235904023,3.903110700775869e-05,0.2991586923599243,7.331974506378174,-0.0427497997879982,0.005929953884333372,0.75,0.06,0.125,3.0,2.0,9e-06,0.8,3e-05,1.0,SAC405,SAC305,SAC405
110,0.007862910628318787,0.03824887424707413,6.949896812438965,-0.07015150040388107,0.06347180902957916,9.150000000000375,239,0.04493225180143702,0.09650495228983541,0.007862910628318787,0.03824887424707413,6.949896812438965,-0.07015150040388107,0.06347180902957916,0.25,0.06,0.125,9.0,2.0,3e-06,0.4,2e-05,1.0,SAC405,SAC305,SAC305
494,0.004474984481930733,0.24035443365573883,7.774326801300049,-0.08407281339168549,0.04198714345693588,8.799999999999557,240,0.03724853904070513,-0.15113129214794052,0.004474984481930733,0.24035443365573883,7.774326801300049,-0.08407281339168549,0.04198714345693588,0.25,0.04,0.125,9.0,2.0,6e-06,0.4,3e-05,1.0,SAC305,SAC305,SAC405
398,0.012092893943190575,0.0,5.195761203765869,-0.02929563820362091,0.046414587646722794,8.349999999999682,241,0.09750956422079886,0.2369661843580547,0.012092893943190575,0.0,5.195761203765869,-0.02929563820362091,0.046414587646722794,0.25,0.06,0.125,3.0,1.5,3e-06,0.8,2e-05,1.0,SAC405,SAC105,SAC405
285,0.004533966071903706,0.045764949172735214,4.866195201873779,-0.027875855565071106,0.07000378519296646,8.299999999999727,242,0.13127787236459004,0.2834103955581846,0.004533966071903706,0.045764949172735214,4.866195201873779,-0.027875855565071106,0.07000378519296646,0.5,0.06,0.125,3.0,1.0,6e-06,1.2,2e-05,1.0,SAC205,SAC105,SAC405
136,0.0,0.2830737233161926,8.763018608093262,-0.07942704111337662,0.03355419263243675,7.849999999999966,243,0.13670459621086314,-0.22784097687921223,0.0,0.2830737233161926,8.763018608093262,-0.07942704111337662,0.03355419263243675,0.25,0.06,0.125,3.0,1.5,9e-06,0.4,3e-05,1.0,SAC405,SAC405,SAC205
462,0.012170052155852318,0.001966010546311736,5.194406986236572,-0.02928531914949417,0.04565384238958359,7.699999999999704,244,0.09697001324921893,0.2337459146164764,0.012170052155852318,0.001966010546311736,5.194406986236572,-0.02928531914949417,0.04565384238958359,0.25,0.06,0.125,3.0,2.0,3e-06,0.8,2e-05,1.0,SAC305,SAC105,SAC405
166,0.005114101339131594,0.06948069483041763,8.924079895019531,-0.0732649639248848,0.04373624175786972,7.0999999999997385,245,0.14964242644752634,-0.03660943150834524,0.005114101339131594,0.06948069483041763,8.924079895019531,-0.0732649639248848,0.04373624175786972,0.25,0.04,0.125,3.0,1.5,3e-06,0.4,2e-05,1.0,SAC405,SAC405,SAC405
65,0.0,0.2808114290237427,7.496697425842285,-0.04685050994157791,0.008120870217680931,6.25,246,0.2201283949778377,-0.17212659036678976,0.0,0.2808114290237427,7.496697425842285,-0.04685050994157791,0.008120870217680931,0.25,0.06,0.125,9.0,2.0,9e-06,0.8,3e-05,1.5,SAC205,SAC305,SAC405
192,0.0,0.2808114290237427,7.496697425842285,-0.04685050994157791,0.008120870217680931,6.25,247,0.2201283949778377,-0.17212659036678976,0.0,0.2808114290237427,7.496697425842285,-0.04685050994157791,0.008120870217680931,0.25,0.06,0.125,9.0,2.0,9e-06,0.8,3e-05,1.5,SAC205,SAC305,SAC405
363,0.00346652464941144,0.22348958253860474,6.7589240074157715,-0.0824432522058487,0.059982579201459885,4.999999999999659,248,-0.0002804617562070452,-0.058901169203529447,0.00346652464941144,0.22348958253860474,6.7589240074157715,-0.0824432522058487,0.059982579201459885,0.25,0.06,0.125,9.0,1.5,9e-06,0.4,2.5e-05,1.0,SAC305,SAC305,SAC205
300,0.00346652464941144,0.22348958253860474,6.7589240074157715,-0.0824432522058487,0.059982579201459885,4.999999999999659,249,-0.0002804617562070452,-0.058901169203529447,0.00346652464941144,0.22348958253860474,6.7589240074157715,-0.0824432522058487,0.059982579201459885,0.25,0.06,0.125,9.0,1.5,9e-06,0.4,2.5e-05,1.0,SAC305,SAC305,SAC205
431,0.00471534812822938,0.16823405027389526,8.275925636291504,-0.08468224108219147,0.04811923950910568,4.199999999999591,250,0.06368213679422963,-0.10131364717715995,0.00471534812822938,0.16823405027389526,8.275925636291504,-0.08468224108219147,0.04811923950910568,0.25,0.04,0.125,3.0,2.0,9e-06,0.4,2e-05,1.0,SAC205,SAC305,SAC405
320,0.012092893943190575,0.0,6.969252109527588,-0.030763687565922737,0.019271742552518845,3.300000000000182,251,0.18966992619032258,0.1123979746933793,0.012092893943190575,0.0,6.969252109527588,-0.030763687565922737,0.019271742552518845,0.25,0.06,0.125,3.0,1.5,3e-06,0.8,2e-05,1.0,SAC405,SAC205,SAC405
390,0.0,0.25960808992385864,7.472908973693848,-0.045002587139606476,0.009067405015230179,2.1999999999996476,252,0.22821937927044714,-0.14809926339220938,0.0,0.25960808992385864,7.472908973693848,-0.045002587139606476,0.009067405015230179,0.25,0.06,0.125,3.0,2.0,9e-06,0.8,3e-05,1.0,SAC405,SAC305,SAC405
43,0.0,0.25960808992385864,7.472908973693848,-0.045002587139606476,0.009067405015230179,2.1999999999996476,253,0.22821937927044714,-0.14809926339220938,0.0,0.25960808992385864,7.472908973693848,-0.045002587139606476,0.009067405015230179,0.25,0.06,0.125,3.0,2.0,9e-06,0.8,3e-05,1.0,SAC405,SAC305,SAC405
346,0.006183995399624109,0.01337191928178072,8.41981029510498,-0.06898391246795654,0.04969477280974388,1.7499999999995453,254,0.13835269614906534,0.04069069698758416,0.006183995399624109,0.01337191928178072,8.41981029510498,-0.06898391246795654,0.04969477280974388,0.25,0.06,0.125,3.0,2.0,3e-06,0.4,2e-05,1.0,SAC405,SAC405,SAC405
484,0.007322886027395725,0.07336980849504471,6.987466335296631,-0.07339552044868469,0.05842692032456398,0.6500000000001478,255,0.0369852572679352,0.052116710077356306,0.007322886027395725,0.07336980849504471,6.987466335296631,-0.07339552044868469,0.05842692032456398,0.25,0.04,0.125,9.0,1.5,3e-06,0.4,2e-05,1.0,SAC405,SAC205,SAC405
114,0.011066560633480549,0.019904686138033867,4.630749702453613,-0.06242392212152481,0.08548976480960846,0.14999999999946567,256,-0.06194192282123669,0.2441008957085645,0.011066560633480549,0.019904686138033867,4.630749702453613,-0.06242392212152481,0.08548976480960846,0.25,0.06,0.125,9.0,1.0,3e-06,0.4,2e-05,1.0,SAC305,SAC105,SAC405
419,0.004533966071903706,0.045764949172735214,7.853755950927734,-0.028286824002861977,0.02082759328186512,-0.30000000000035243,257,0.3008585505234772,0.06552849896528398,0.004533966071903706,0.045764949172735214,7.853755950927734,-0.028286824002861977,0.02082759328186512,0.5,0.06,0.125,3.0,2.0,6e-06,1.2,2e-05,1.0,SAC205,SAC305,SAC405
82,0.004533966071903706,0.045764949172735214,7.853755950927734,-0.028286824002861977,0.02082759328186512,-0.30000000000035243,258,0.3008585505234772,0.06552849896528398,0.004533966071903706,0.045764949172735214,7.853755950927734,-0.028286824002861977,0.02082759328186512,0.5,0.06,0.125,3.0,2.0,6e-06,1.2,2e-05,1.0,SAC205,SAC305,SAC405
491,0.006183995399624109,0.01337191928178072,8.254000663757324,-0.06871586292982101,0.05045551806688309,-0.6500000000006025,259,0.1314344812082337,0.04769947662410094,0.006183995399624109,0.01337191928178072,8.254000663757324,-0.06871586292982101,0.05045551806688309,0.25,0.06,0.125,3.0,1.5,3e-06,0.4,2e-05,1.0,SAC405,SAC405,SAC405
440,0.004452115390449762,0.0,4.9877142906188965,-0.028437159955501556,0.07579784840345383,-1.950000000000614,260,0.13865317652831208,0.32073896477739466,0.004452115390449762,0.0,4.9877142906188965,-0.028437159955501556,0.07579784840345383,0.25,0.06,0.125,9.0,2.0,6e-06,1.2,2e-05,1.5,SAC205,SAC105,SAC305
472,0.0075342790223658085,0.015226848423480988,6.676092147827148,-0.06882317364215851,0.06926721334457397,-2.6000000000004206,261,0.041305222744132904,0.1350959828033763,0.0075342790223658085,0.015226848423480988,6.676092147827148,-0.06882317364215851,0.06926721334457397,0.25,0.06,0.125,6.0,2.0,3e-06,0.4,2e-05,1.0,SAC405,SAC305,SAC405
193,0.0,0.258003294467926,8.505845069885254,-0.08091575652360916,0.03787022456526756,-2.650000000000489,262,0.11957993985804626,-0.18950290686919777,0.0,0.258003294467926,8.505845069885254,-0.08091575652360916,0.03787022456526756,0.25,0.06,0.125,3.0,1.5,9e-06,0.4,2.5e-05,1.0,SAC405,SAC405,SAC405
415,0.0,0.09507745504379272,8.741559982299805,-0.08340592682361603,0.07829359173774719,-3.0500000000002387,263,0.12276783907301356,0.013749456803918819,0.0,0.09507745504379272,8.741559982299805,-0.08340592682361603,0.07829359173774719,0.25,0.06,0.125,9.0,1.5,6e-06,0.4,2e-05,1.0,SAC305,SAC405,SAC405
324,0.0,0.09507745504379272,8.741559982299805,-0.08340592682361603,0.07829359173774719,-3.0500000000002387,264,0.12276783907301356,0.013749456803918819,0.0,0.09507745504379272,8.741559982299805,-0.08340592682361603,0.07829359173774719,0.25,0.06,0.125,9.0,1.5,6e-06,0.4,2e-05,1.0,SAC305,SAC405,SAC405
247,0.004456051159650087,0.1483469307422638,9.381451606750488,-0.08398391306400299,0.035411298274993896,-6.200000000000443,265,0.1285474087693455,-0.15147888259567469,0.004456051159650087,0.1483469307422638,9.381451606750488,-0.08398391306400299,0.035411298274993896,0.5,0.06,0.125,3.0,2.0,9e-06,0.4,2e-05,1.5,SAC405,SAC405,SAC405
108,0.0073777176439762115,0.19547852873802185,5.608823299407959,-0.07824532687664032,0.05401857569813728,-7.79999999999967,266,-0.05460708928240375,-0.011002334776215046,0.0073777176439762115,0.19547852873802185,5.608823299407959,-0.07824532687664032,0.05401857569813728,0.25,0.06,0.125,9.0,2.0,6e-06,0.4,3e-05,1.0,SAC105,SAC205,SAC405
73,0.0,0.2638853192329407,7.31845760345459,-0.04569944739341736,0.006877843290567398,-7.800000000000296,267,0.21717679518315047,-0.1518206578884092,0.0,0.2638853192329407,7.31845760345459,-0.04569944739341736,0.006877843290567398,0.5,0.06,0.125,3.0,2.0,9e-06,0.8,3e-05,1.0,SAC205,SAC305,SAC405
169,0.0,0.2638853192329407,7.31845760345459,-0.04569944739341736,0.006877843290567398,-7.800000000000296,268,0.21717679518315047,-0.1518206578884092,0.0,0.2638853192329407,7.31845760345459,-0.04569944739341736,0.006877843290567398,0.5,0.06,0.125,3.0,2.0,9e-06,0.8,3e-05,1.0,SAC205,SAC305,SAC405
372,0.0017496361397206783,0.2662634253501892,7.767012596130371,-0.07676883786916733,0.030051425099372864,-7.950000000000671,269,0.09003323052429721,-0.17960628771275253,0.0017496361397206783,0.2662634253501892,7.767012596130371,-0.07676883786916733,0.030051425099372864,0.5,0.06,0.125,3.0,2.0,9e-06,0.4,3e-05,1.0,SAC205,SAC305,SAC405
407,0.001549611217342317,0.18163885176181793,7.1326003074646,-0.08530932664871216,0.07715316861867905,-8.000000000000057,270,0.017852919341126247,-0.005641197716345947,0.001549611217342317,0.18163885176181793,7.1326003074646,-0.08530932664871216,0.07715316861867905,0.25,0.04,0.125,9.0,1.5,9e-06,0.4,2e-05,1.0,SAC405,SAC205,SAC405
175,0.0054233865812420845,0.1635899543762207,6.875892639160156,-0.08275188505649567,0.05626654252409935,-8.299999999999955,271,0.0017066328210812048,-0.031006292181293884,0.0054233865812420845,0.1635899543762207,6.875892639160156,-0.08275188505649567,0.05626654252409935,0.25,0.06,0.125,9.0,2.0,9e-06,0.4,2e-05,2.0,SAC205,SAC305,SAC405
61,0.0010892020072788,0.1743655800819397,10.10372543334961,-0.08618218451738358,0.041904009878635406,-9.750000000000398,272,0.1758923658583186,-0.1854048642379569,0.0010892020072788,0.1743655800819397,10.10372543334961,-0.08618218451738358,0.041904009878635406,0.5,0.04,0.125,3.0,2.0,9e-06,0.4,2e-05,1.0,SAC405,SAC405,SAC405
49,0.0010892020072788,0.1743655800819397,10.10372543334961,-0.08618218451738358,0.041904009878635406,-9.750000000000398,273,0.1758923658583186,-0.1854048642379569,0.0010892020072788,0.1743655800819397,10.10372543334961,-0.08618218451738358,0.041904009878635406,0.5,0.04,0.125,3.0,2.0,9e-06,0.4,2e-05,1.0,SAC405,SAC405,SAC405
351,0.001549611217342317,0.18163885176181793,7.254390239715576,-0.08530932664871216,0.07214982062578201,-10.950000000000387,274,0.026620320410089868,-0.021571231960981544,0.001549611217342317,0.18163885176181793,7.254390239715576,-0.08530932664871216,0.07214982062578201,0.25,0.04,0.125,9.0,2.0,9e-06,0.4,2e-05,1.0,SAC405,SAC205,SAC405
70,0.013525514863431454,0.027249010279774666,6.607334136962891,-0.06708894670009613,0.04199875891208649,-11.049999999999727,275,0.010481636365821402,0.06718649543686582,0.013525514863431454,0.027249010279774666,6.607334136962891,-0.06708894670009613,0.04199875891208649,0.25,0.06,0.125,3.0,1.5,3e-06,0.4,2e-05,1.0,SAC305,SAC305,SAC405
434,0.009197477251291275,0.20742933452129364,5.348569869995117,-0.07248815894126892,0.037525929510593414,-12.649999999999807,276,-0.051412932522271686,-0.03745016794773975,0.009197477251291275,0.20742933452129364,5.348569869995117,-0.07248815894126892,0.037525929510593414,0.25,0.04,0.125,9.0,1.5,6e-06,0.4,2.5e-05,1.0,SAC205,SAC105,SAC405
358,0.0023535059299319983,0.22772057354450226,4.845773696899414,-0.07195530086755753,0.06875333189964294,-13.150000000000318,277,-0.03848910114690995,0.039440555789302494,0.0023535059299319983,0.22772057354450226,4.845773696899414,-0.07195530086755753,0.06875333189964294,0.25,0.06,0.125,9.0,1.0,9e-06,0.4,2.5e-05,1.0,SAC405,SAC105,SAC405
288,0.0,0.16762900352478027,7.548041820526123,-0.0340852327644825,0.013591490685939789,-13.450000000000443,278,0.2852587590923793,-0.04546609945594735,0.0,0.16762900352478027,7.548041820526123,-0.0340852327644825,0.013591490685939789,0.25,0.06,0.125,9.0,2.0,9e-06,1.2,2.5e-05,1.5,SAC205,SAC305,SAC305
176,0.0,0.16762900352478027,7.548041820526123,-0.0340852327644825,0.013591490685939789,-13.450000000000443,279,0.2852587590923793,-0.04546609945594735,0.0,0.16762900352478027,7.548041820526123,-0.0340852327644825,0.013591490685939789,0.25,0.06,0.125,9.0,2.0,9e-06,1.2,2.5e-05,1.5,SAC205,SAC305,SAC305
380,0.0,0.1371711641550064,7.636806488037109,-0.033004727214574814,0.019980214536190033,-13.80000000000041,280,0.2955012042489294,-0.007323139637459804,0.0,0.1371711641550064,7.636806488037109,-0.033004727214574814,0.019980214536190033,0.25,0.06,0.125,6.0,2.0,9e-06,1.2,2e-05,1.5,SAC205,SAC305,SAC405
90,0.0008173669339157641,0.157187819480896,6.818351745605469,-0.08275188505649567,0.08884625136852264,-14.250000000000625,281,0.01631587662244128,0.055643310747963214,0.0008173669339157641,0.157187819480896,6.818351745605469,-0.08275188505649567,0.08884625136852264,0.25,0.06,0.125,9.0,1.0,9e-06,0.4,2e-05,1.5,SAC305,SAC305,SAC405
458,0.00792901124805212,0.21674709022045135,5.740747928619385,-0.0805605798959732,0.04587530717253685,-14.399999999999807,282,-0.05961354352168547,-0.05314469400961134,0.00792901124805212,0.21674709022045135,5.740747928619385,-0.0805605798959732,0.04587530717253685,0.25,0.06,0.125,6.0,2.0,9e-06,0.4,2.5e-05,1.0,SAC305,SAC205,SAC405
349,0.00792901124805212,0.21674709022045135,5.740747928619385,-0.0805605798959732,0.04587530717253685,-14.399999999999807,283,-0.05961354352168547,-0.05314469400961134,0.00792901124805212,0.21674709022045135,5.740747928619385,-0.0805605798959732,0.04587530717253685,0.25,0.06,0.125,6.0,2.0,9e-06,0.4,2.5e-05,1.0,SAC305,SAC205,SAC405
354,0.010463316924870014,0.2877691388130188,4.992512226104736,-0.06770990788936615,0.015192119404673576,-14.650000000000205,284,-0.06103817196037131,-0.12288623411025235,0.010463316924870014,0.2877691388130188,4.992512226104736,-0.06770990788936615,0.015192119404673576,0.25,0.04,0.125,3.0,1.0,6e-06,0.4,3e-05,1.0,SAC205,SAC105,SAC405
393,0.005939045920968056,0.03198282793164253,6.737499237060547,-0.027151236310601234,0.02700110524892807,-15.549999999999898,285,0.23423089052369928,0.12478199630015845,0.005939045920968056,0.03198282793164253,6.737499237060547,-0.027151236310601234,0.02700110524892807,0.25,0.06,0.125,3.0,1.5,6e-06,1.2,2e-05,1.0,SAC205,SAC205,SAC405
471,0.007471547927707434,0.2837931215763092,5.713446140289307,-0.07660835236310959,0.029334018006920815,-15.750000000000341,286,-0.04602408872889165,-0.12789198281205041,0.007471547927707434,0.2837931215763092,5.713446140289307,-0.07660835236310959,0.029334018006920815,0.25,0.06,0.125,3.0,2.0,9e-06,0.4,3e-05,1.0,SAC205,SAC205,SAC205
447,0.0025338567793369293,0.13493140041828156,7.660218238830566,-0.034406259655952454,0.005892951041460037,-16.150000000000546,287,0.2741816477129264,-0.045931407660233924,0.0025338567793369293,0.13493140041828156,7.660218238830566,-0.034406259655952454,0.005892951041460037,0.5,0.06,0.125,3.0,1.5,9e-06,1.2,2e-05,1.5,SAC405,SAC305,SAC405
322,0.003929162863641977,0.1843087375164032,4.384995937347412,-0.05979446321725845,0.0603775791823864,-16.199999999999875,288,-0.015245341895269871,0.08772307384204454,0.003929162863641977,0.1843087375164032,4.384995937347412,-0.05979446321725845,0.0603775791823864,0.25,0.06,0.125,6.0,1.0,3e-06,0.4,2.5e-05,1.0,SAC305,SAC105,SAC205
81,0.0006724753184244037,0.0758853629231453,8.961153030395508,-0.08340592682361603,0.07017938047647476,-17.09999999999991,289,0.13402987637506267,-0.0001871083979228801,0.0006724753184244037,0.0758853629231453,8.961153030395508,-0.08340592682361603,0.07017938047647476,0.25,0.06,0.125,9.0,2.0,6e-06,0.4,2e-05,1.0,SAC205,SAC405,SAC405
490,0.0006724753184244037,0.0758853629231453,8.961153030395508,-0.08340592682361603,0.07017938047647476,-17.09999999999991,290,0.13402987637506267,-0.0001871083979228801,0.0006724753184244037,0.0758853629231453,8.961153030395508,-0.08340592682361603,0.07017938047647476,0.25,0.06,0.125,9.0,2.0,6e-06,0.4,2e-05,1.0,SAC205,SAC405,SAC405
53,0.0019270600751042366,0.12552200257778168,6.818351745605469,-0.08275188505649567,0.08884625136852264,-18.05000000000024,291,0.01301007164611777,0.0761710647854157,0.0019270600751042366,0.12552200257778168,6.818351745605469,-0.08275188505649567,0.08884625136852264,0.25,0.06,0.125,9.0,1.0,9e-06,0.4,2e-05,1.0,SAC405,SAC305,SAC405
151,0.0019270600751042366,0.12552200257778168,6.818351745605469,-0.08275188505649567,0.08884625136852264,-18.05000000000024,292,0.01301007164611777,0.0761710647854157,0.0019270600751042366,0.12552200257778168,6.818351745605469,-0.08275188505649567,0.08884625136852264,0.25,0.06,0.125,9.0,1.0,9e-06,0.4,2e-05,1.0,SAC405,SAC305,SAC405
406,0.008492091670632362,0.27631643414497375,5.320215225219727,-0.060151226818561554,0.005582106299698353,-18.84999999999991,293,0.0029666963504981765,-0.1296795482409477,0.008492091670632362,0.27631643414497375,5.320215225219727,-0.060151226818561554,0.005582106299698353,0.25,0.04,0.125,3.0,2.0,3e-06,0.4,2.5e-05,1.0,SAC305,SAC105,SAC305
468,0.005114101339131594,0.06948069483041763,8.31004810333252,-0.07161349803209305,0.03799506649374962,-19.149999999999977,294,0.13008405532685538,-0.027997175562215215,0.005114101339131594,0.06948069483041763,8.31004810333252,-0.07161349803209305,0.03799506649374962,0.25,0.04,0.125,3.0,1.5,3e-06,0.4,2e-05,1.0,SAC405,SAC305,SAC405
369,0.009457647800445557,0.20499038696289062,4.329374313354492,-0.05757264047861099,0.030657608062028885,-19.450000000000557,295,-0.039267452898745635,0.010204523455670364,0.009457647800445557,0.20499038696289062,4.329374313354492,-0.05757264047861099,0.030657608062028885,0.25,0.06,0.125,3.0,1.0,3e-06,0.4,2.5e-05,1.0,SAC305,SAC105,SAC305
156,0.005106478463858366,0.1799805611371994,4.401463031768799,-0.05841243267059326,0.050832584500312805,-20.000000000000057,296,-0.012019478664222868,0.06976552585717062,0.005106478463858366,0.1799805611371994,4.401463031768799,-0.05841243267059326,0.050832584500312805,0.25,0.06,0.125,6.0,2.0,3e-06,0.4,3e-05,1.0,SAC405,SAC105,SAC205
283,0.005106478463858366,0.1799805611371994,4.401463031768799,-0.05841243267059326,0.050832584500312805,-20.000000000000057,297,-0.012019478664222868,0.06976552585717062,0.005106478463858366,0.1799805611371994,4.401463031768799,-0.05841243267059326,0.050832584500312805,0.25,0.06,0.125,6.0,2.0,3e-06,0.4,3e-05,1.0,SAC405,SAC105,SAC205
74,0.01255146786570549,0.0,4.65242862701416,-0.06242392212152481,0.06847213953733444,-20.250000000000114,298,-0.05423448964213901,0.20651017343124237,0.01255146786570549,0.0,4.65242862701416,-0.06242392212152481,0.06847213953733444,0.25,0.06,0.125,9.0,1.5,3e-06,0.4,2e-05,1.0,SAC305,SAC105,SAC305
409,0.0007015935843810439,0.2144804447889328,7.004084587097168,-0.08364470303058624,0.06236124411225319,-21.10000000000025,299,0.030089322437184107,-0.055892003177351546,0.0007015935843810439,0.2144804447889328,7.004084587097168,-0.08364470303058624,0.06236124411225319,0.25,0.04,0.125,9.0,2.0,6e-06,0.4,2.5e-05,1.0,SAC305,SAC205,SAC405
421,0.0007015935843810439,0.2144804447889328,7.004084587097168,-0.08364470303058624,0.06236124411225319,-21.10000000000025,300,0.030089322437184107,-0.055892003177351546,0.0007015935843810439,0.2144804447889328,7.004084587097168,-0.08364470303058624,0.06236124411225319,0.25,0.04,0.125,9.0,2.0,6e-06,0.4,2.5e-05,1.0,SAC305,SAC205,SAC405
161,0.005206083878874779,0.2075478583574295,5.856949806213379,-0.08231358230113983,0.05618239566683769,-21.30000000000001,301,-0.04292931553894407,-0.029693466762034933,0.005206083878874779,0.2075478583574295,5.856949806213379,-0.08231358230113983,0.05618239566683769,0.25,0.06,0.125,9.0,2.0,9e-06,0.4,2.5e-05,1.0,SAC305,SAC205,SAC405
336,0.003116677515208721,0.1553368866443634,9.012105941772461,-0.08375459909439087,0.0352129265666008,-22.10000000000059,302,0.12218749108552349,-0.14173805030686806,0.003116677515208721,0.1553368866443634,9.012105941772461,-0.08375459909439087,0.0352129265666008,0.25,0.04,0.125,3.0,2.0,6e-06,0.4,2e-05,1.0,SAC405,SAC405,SAC405
451,0.00910615548491478,0.20049677789211273,4.858218193054199,-0.07187957316637039,0.04261889308691025,-22.24999999999983,303,-0.06895337095313946,-0.005802820948506058,0.00910615548491478,0.20049677789211273,4.858218193054199,-0.07187957316637039,0.04261889308691025,0.25,0.06,0.125,9.0,2.0,9e-06,0.4,2.5e-05,1.0,SAC205,SAC105,SAC405
416,0.0,0.16606754064559937,7.675808906555176,-0.03306996822357178,0.005036239046603441,-22.600000000000534,304,0.29765171017027325,-0.0670898320324833,0.0,0.16606754064559937,7.675808906555176,-0.03306996822357178,0.005036239046603441,0.25,0.06,0.125,3.0,2.0,9e-06,1.2,2e-05,1.5,SAC305,SAC305,SAC405
101,0.002890751464292407,0.3952593207359314,5.216213703155518,-0.07175546884536743,0.033209897577762604,-24.550000000000068,305,-0.03769099073857837,-0.1733765059294149,0.002890751464292407,0.3952593207359314,5.216213703155518,-0.07175546884536743,0.033209897577762604,0.25,0.04,0.125,9.0,1.5,6e-06,0.4,3e-05,2.0,SAC205,SAC105,SAC205
255,0.00333796557970345,0.22472409904003143,6.927088737487793,-0.0812140479683876,0.042389724403619766,-25.000000000000284,306,0.024831124634526875,-0.10214238291885235,0.00333796557970345,0.22472409904003143,6.927088737487793,-0.0812140479683876,0.042389724403619766,0.25,0.06,0.125,9.0,2.0,9e-06,0.4,3e-05,1.0,SAC105,SAC305,SAC305
163,0.01832485757768154,0.042619600892066956,5.400572776794434,-0.06823141127824783,0.0425461083650589,-25.099999999999227,307,-0.08431466505030823,0.08883795152987087,0.01832485757768154,0.042619600892066956,5.400572776794434,-0.06823141127824783,0.0425461083650589,0.25,0.06,0.125,6.0,1.5,3e-06,0.4,2e-05,1.0,SAC105,SAC205,SAC405
47,0.01832485757768154,0.042619600892066956,5.400572776794434,-0.06823141127824783,0.0425461083650589,-25.099999999999227,308,-0.08431466505030823,0.08883795152987087,0.01832485757768154,0.042619600892066956,5.400572776794434,-0.06823141127824783,0.0425461083650589,0.25,0.06,0.125,6.0,1.5,3e-06,0.4,2e-05,1.0,SAC105,SAC205,SAC405
210,0.0,0.26949119567871094,7.767012596130371,-0.07676883786916733,0.030051425099372864,-25.300000000000182,309,0.10390234113764928,-0.17934534568871738,0.0,0.26949119567871094,7.767012596130371,-0.07676883786916733,0.030051425099372864,0.5,0.06,0.125,3.0,2.0,9e-06,0.4,3e-05,1.0,SAC405,SAC305,SAC205
34,0.0,0.2635605037212372,6.023555755615234,-0.03136793151497841,0.009258675388991833,-25.700000000000216,310,0.21104343859330224,-0.07075904775133338,0.0,0.2635605037212372,6.023555755615234,-0.03136793151497841,0.009258675388991833,0.25,0.04,0.125,3.0,2.0,9e-06,1.2,2e-05,1.0,SAC105,SAC105,SAC405
76,0.0,0.2635605037212372,6.023555755615234,-0.03136793151497841,0.009258675388991833,-25.700000000000216,311,0.21104343859330224,-0.07075904775133338,0.0,0.2635605037212372,6.023555755615234,-0.03136793151497841,0.009258675388991833,0.25,0.04,0.125,3.0,2.0,9e-06,1.2,2e-05,1.0,SAC105,SAC105,SAC405
168,0.0,0.1749427616596222,7.909678936004639,-0.05571042373776436,0.018230918794870377,-27.100000000000364,312,0.2081896580078534,-0.09844840032997822,0.0,0.1749427616596222,7.909678936004639,-0.05571042373776436,0.018230918794870377,0.75,0.04,0.125,3.0,2.0,9e-06,0.4,2e-05,1.0,SAC405,SAC105,SAC405
96,0.0,0.1749427616596222,7.909678936004639,-0.05571042373776436,0.018230918794870377,-27.100000000000364,313,0.2081896580078534,-0.09844840032997822,0.0,0.1749427616596222,7.909678936004639,-0.05571042373776436,0.018230918794870377,0.75,0.04,0.125,3.0,2.0,9e-06,0.4,2e-05,1.0,SAC405,SAC105,SAC405
215,0.004533966071903706,0.045764949172735214,4.943582534790039,-0.027416996657848358,0.05100424587726593,-27.399999999999864,314,0.14543099509419843,0.22263791035925098,0.004533966071903706,0.045764949172735214,4.943582534790039,-0.027416996657848358,0.05100424587726593,0.5,0.06,0.125,3.0,1.5,6e-06,1.2,2e-05,1.0,SAC205,SAC105,SAC405
130,5.187643182580359e-05,0.15639103949069977,7.675808906555176,-0.03306996822357178,0.005036239046603441,-27.55000000000041,315,0.29739299024439275,-0.05996325880443657,5.187643182580359e-05,0.15639103949069977,7.675808906555176,-0.03306996822357178,0.005036239046603441,0.25,0.06,0.125,3.0,2.0,9e-06,1.2,2e-05,1.5,SAC405,SAC305,SAC405
239,0.0,0.20266114175319672,8.030862808227539,-0.0819331556558609,0.04574515298008919,-28.25000000000051,316,0.09787155651287162,-0.11390340936761341,0.0,0.20266114175319672,8.030862808227539,-0.0819331556558609,0.04574515298008919,0.25,0.04,0.125,3.0,1.5,6e-06,0.4,2e-05,1.0,SAC205,SAC305,SAC205
453,0.01040991023182869,0.1676526963710785,4.329374313354492,-0.05757264047861099,0.030657608062028885,-28.69999999999999,317,-0.039038688007952765,0.03351669651115296,0.01040991023182869,0.1676526963710785,4.329374313354492,-0.05757264047861099,0.030657608062028885,0.25,0.06,0.125,3.0,1.0,3e-06,0.4,2.5e-05,1.0,SAC405,SAC105,SAC405
84,0.0,0.16700823605060577,7.585285186767578,-0.034406259655952454,0.0028466784860938787,-29.650000000000432,318,0.2865318390918963,-0.07286028134192259,0.0,0.16700823605060577,7.585285186767578,-0.034406259655952454,0.0028466784860938787,0.5,0.06,0.125,3.0,2.0,9e-06,1.2,2e-05,1.0,SAC405,SAC305,SAC205
80,0.011291527189314365,0.12701508402824402,5.658932685852051,-0.08128020912408829,0.050468459725379944,-29.74999999999983,319,-0.07689689740605594,0.015945557066569145,0.011291527189314365,0.12701508402824402,5.658932685852051,-0.08128020912408829,0.050468459725379944,0.25,0.06,0.125,6.0,1.5,9e-06,0.4,2e-05,1.0,SAC105,SAC205,SAC405
367,0.0,0.08322965353727341,8.200602531433105,-0.07976996153593063,0.06696595996618271,-30.29999999999984,320,0.11897778667299751,0.017136897360865728,0.0,0.08322965353727341,8.200602531433105,-0.07976996153593063,0.06696595996618271,0.25,0.06,0.125,3.0,1.0,6e-06,0.4,2e-05,1.0,SAC205,SAC405,SAC405
118,0.004955280106514692,0.08897796273231506,4.453547477722168,-0.060651909559965134,0.07563310116529465,-30.59999999999968,321,-0.015817112062868236,0.17842136024440686,0.004955280106514692,0.08897796273231506,4.453547477722168,-0.060651909559965134,0.07563310116529465,0.25,0.06,0.125,6.0,1.0,3e-06,0.4,2e-05,1.0,SAC405,SAC105,SAC105
119,0.01255146786570549,0.0,4.768334865570068,-0.06241360306739807,0.060357943177223206,-30.849999999999852,322,-0.04316776366882577,0.18197510354405447,0.01255146786570549,0.0,4.768334865570068,-0.06241360306739807,0.060357943177223206,0.25,0.06,0.125,9.0,2.0,3e-06,0.4,2e-05,1.0,SAC305,SAC105,SAC305
418,0.005939045920968056,0.03198282793164253,5.046318531036377,-0.0260744858533144,0.044033411890268326,-31.05000000000001,323,0.14918670426448113,0.2138165651697504,0.005939045920968056,0.03198282793164253,5.046318531036377,-0.0260744858533144,0.044033411890268326,0.25,0.06,0.125,3.0,1.5,6e-06,1.2,2e-05,1.0,SAC205,SAC105,SAC405
486,0.005939045920968056,0.03198282793164253,5.046318531036377,-0.0260744858533144,0.044033411890268326,-31.05000000000001,324,0.14918670426448113,0.2138165651697504,0.005939045920968056,0.03198282793164253,5.046318531036377,-0.0260744858533144,0.044033411890268326,0.25,0.06,0.125,3.0,1.5,6e-06,1.2,2e-05,1.0,SAC205,SAC105,SAC405
216,0.00472573097795248,0.06572654098272324,5.562975883483887,-0.06988975405693054,0.07631000131368637,-31.449999999999136,325,0.0032505658874131893,0.14366320334342075,0.00472573097795248,0.06572654098272324,5.562975883483887,-0.06988975405693054,0.07631000131368637,0.25,0.06,0.125,9.0,1.0,3e-06,0.4,2e-05,1.0,SAC405,SAC205,SAC205
149,0.00461379811167717,0.09811022877693176,5.806983470916748,-0.08243154734373093,0.09370411932468414,-31.64999999999924,326,-0.04677873353963939,0.13242656325013386,0.00461379811167717,0.09811022877693176,5.806983470916748,-0.08243154734373093,0.09370411932468414,0.25,0.06,0.125,9.0,1.0,9e-06,0.4,2e-05,1.0,SAC205,SAC205,SAC305
59,0.00461379811167717,0.09811022877693176,5.806983470916748,-0.08243154734373093,0.09370411932468414,-31.64999999999924,327,-0.04677873353963939,0.13242656325013386,0.00461379811167717,0.09811022877693176,5.806983470916748,-0.08243154734373093,0.09370411932468414,0.25,0.06,0.125,9.0,1.0,9e-06,0.4,2e-05,1.0,SAC205,SAC205,SAC305
423,0.010463316924870014,0.2877691388130188,4.855262756347656,-0.06722874194383621,0.0068177729845047,-32.19999999999999,328,-0.05676977811477747,-0.13461383021128853,0.010463316924870014,0.2877691388130188,4.855262756347656,-0.06722874194383621,0.0068177729845047,0.25,0.04,0.125,3.0,2.0,6e-06,0.4,3e-05,1.0,SAC205,SAC105,SAC405
276,0.009370716288685799,0.2390412837266922,5.2416300773620605,-0.07308359444141388,0.025778796523809433,-32.5499999999999,329,-0.055621062565169715,-0.08302211990346048,0.009370716288685799,0.2390412837266922,5.2416300773620605,-0.07308359444141388,0.025778796523809433,0.25,0.04,0.125,6.0,2.0,9e-06,0.4,2.5e-05,1.0,SAC205,SAC105,SAC405
441,0.007474656216800213,0.1288609355688095,4.390717506408691,-0.059784144163131714,0.050154104828834534,-32.69999999999999,330,-0.025364135791029117,0.0958505772189817,0.007474656216800213,0.1288609355688095,4.390717506408691,-0.059784144163131714,0.050154104828834534,0.25,0.06,0.125,6.0,2.0,3e-06,0.4,2.5e-05,1.0,SAC405,SAC105,SAC405
469,0.007474656216800213,0.1288609355688095,4.390717506408691,-0.059784144163131714,0.050154104828834534,-32.69999999999999,331,-0.025364135791029117,0.0958505772189817,0.007474656216800213,0.1288609355688095,4.390717506408691,-0.059784144163131714,0.050154104828834534,0.25,0.06,0.125,6.0,2.0,3e-06,0.4,2.5e-05,1.0,SAC405,SAC105,SAC405
104,0.002215122804045677,0.2214849591255188,6.766766548156738,-0.08264588564634323,0.049582868814468384,-32.89999999999981,332,0.018807296632736153,-0.08092294506173814,0.002215122804045677,0.2214849591255188,6.766766548156738,-0.08264588564634323,0.049582868814468384,0.25,0.06,0.125,9.0,2.0,9e-06,0.4,2.5e-05,1.5,SAC205,SAC305,SAC305
242,0.0013771634548902512,0.06844136863946915,7.712893486022949,-0.06231667846441269,0.04743395000696182,-32.95000000000044,333,0.16228654663242953,0.03396893522274259,0.0013771634548902512,0.06844136863946915,7.712893486022949,-0.06231667846441269,0.04743395000696182,0.5,0.06,0.125,3.0,1.5,3e-06,0.4,2e-05,1.0,SAC405,SAC305,SAC205
236,0.004533966071903706,0.045764949172735214,4.811160087585449,-0.02713863179087639,0.050243500620126724,-33.59999999999991,334,0.14066342859153416,0.22359529090084218,0.004533966071903706,0.045764949172735214,4.811160087585449,-0.02713863179087639,0.050243500620126724,0.5,0.06,0.125,3.0,2.0,6e-06,1.2,2e-05,1.0,SAC205,SAC105,SAC405
243,0.004533966071903706,0.045764949172735214,4.811160087585449,-0.02713863179087639,0.050243500620126724,-33.59999999999991,335,0.14066342859153416,0.22359529090084218,0.004533966071903706,0.045764949172735214,4.811160087585449,-0.02713863179087639,0.050243500620126724,0.5,0.06,0.125,3.0,2.0,6e-06,1.2,2e-05,1.0,SAC205,SAC105,SAC405
164,0.0001769035152392462,0.15410657227039337,7.533022880554199,-0.04698113352060318,0.017448673024773598,-33.60000000000019,336,0.22593766899570594,-0.05492769318532875,0.0001769035152392462,0.15410657227039337,7.533022880554199,-0.04698113352060318,0.017448673024773598,0.25,0.06,0.125,3.0,2.0,9e-06,0.8,2e-05,1.5,SAC405,SAC305,SAC405
466,0.0001769035152392462,0.15410657227039337,7.533022880554199,-0.04698113352060318,0.017448673024773598,-33.60000000000019,337,0.22593766899570594,-0.05492769318532875,0.0001769035152392462,0.15410657227039337,7.533022880554199,-0.04698113352060318,0.017448673024773598,0.25,0.06,0.125,3.0,2.0,9e-06,0.8,2e-05,1.5,SAC405,SAC305,SAC405
455,0.011066560633480549,0.019904686138033867,4.768334865570068,-0.06241360306739807,0.060357943177223206,-33.849999999999966,338,-0.03484958849363682,0.16978317780605415,0.011066560633480549,0.019904686138033867,4.768334865570068,-0.06241360306739807,0.060357943177223206,0.25,0.06,0.125,9.0,2.0,3e-06,0.4,2e-05,1.0,SAC305,SAC105,SAC405
132,0.005652784835547209,0.11177393794059753,7.812217712402344,-0.07996239513158798,0.03843269124627113,-34.499999999999716,339,0.06841473551042604,-0.05877106264781117,0.005652784835547209,0.11177393794059753,7.812217712402344,-0.07996239513158798,0.03843269124627113,0.5,0.06,0.125,3.0,2.0,9e-06,0.4,2e-05,1.0,SAC405,SAC305,SAC405
399,0.005652784835547209,0.11177393794059753,7.812217712402344,-0.07996239513158798,0.03843269124627113,-34.499999999999716,340,0.06841473551042604,-0.05877106264781117,0.005652784835547209,0.11177393794059753,7.812217712402344,-0.07996239513158798,0.03843269124627113,0.5,0.06,0.125,3.0,2.0,9e-06,0.4,2e-05,1.0,SAC405,SAC305,SAC405
278,0.0064207627438008785,0.13059702515602112,4.42687463760376,-0.05979446321725845,0.051829103380441666,-34.899999999999864,341,-0.016794189865287537,0.09744241206458931,0.0064207627438008785,0.13059702515602112,4.42687463760376,-0.05979446321725845,0.051829103380441666,0.25,0.06,0.125,6.0,1.5,3e-06,0.4,2.5e-05,1.0,SAC305,SAC105,SAC405
126,0.0,0.1777496337890625,9.140477180480957,-0.08816853165626526,0.04314298927783966,-35.05000000000075,342,0.12910633175207337,-0.15081739880760386,0.0,0.1777496337890625,9.140477180480957,-0.08816853165626526,0.04314298927783966,0.25,0.04,0.125,3.0,1.5,9e-06,0.4,2e-05,1.0,SAC405,SAC405,SAC405
302,0.0,0.1777496337890625,9.140477180480957,-0.08816853165626526,0.04314298927783966,-35.05000000000075,343,0.12910633175207337,-0.15081739880760386,0.0,0.1777496337890625,9.140477180480957,-0.08816853165626526,0.04314298927783966,0.25,0.04,0.125,3.0,1.5,9e-06,0.4,2e-05,1.0,SAC405,SAC405,SAC405
184,0.006472596433013678,0.2906786799430847,5.0277934074401855,-0.05973110720515251,0.007379587739706039,-36.349999999999966,344,0.006162280159444838,-0.12362952361537125,0.006472596433013678,0.2906786799430847,5.0277934074401855,-0.05973110720515251,0.007379587739706039,0.25,0.04,0.125,3.0,1.0,3e-06,0.4,3e-05,1.0,SAC305,SAC105,SAC205
454,0.006472596433013678,0.2906786799430847,5.0277934074401855,-0.05973110720515251,0.007379587739706039,-36.349999999999966,345,0.006162280159444838,-0.12362952361537125,0.006472596433013678,0.2906786799430847,5.0277934074401855,-0.05973110720515251,0.007379587739706039,0.25,0.04,0.125,3.0,1.0,3e-06,0.4,3e-05,1.0,SAC305,SAC105,SAC205
411,0.0,0.10057144612073898,7.580572605133057,-0.03373033553361893,0.020275158807635307,-36.50000000000023,346,0.2893894008601278,0.018639251365321477,0.0,0.10057144612073898,7.580572605133057,-0.03373033553361893,0.020275158807635307,0.25,0.06,0.125,9.0,2.0,9e-06,1.2,2e-05,1.5,SAC205,SAC305,SAC305
273,0.0,0.10057144612073898,7.580572605133057,-0.03373033553361893,0.020275158807635307,-36.50000000000023,347,0.2893894008601278,0.018639251365321477,0.0,0.10057144612073898,7.580572605133057,-0.03373033553361893,0.020275158807635307,0.25,0.06,0.125,9.0,2.0,9e-06,1.2,2e-05,1.5,SAC205,SAC305,SAC305
165,0.007862910628318787,0.03824887424707413,4.65242862701416,-0.06242392212152481,0.06847213953733444,-36.849999999999966,348,-0.02220022069549869,0.17997336051810126,0.007862910628318787,0.03824887424707413,4.65242862701416,-0.06242392212152481,0.06847213953733444,0.25,0.06,0.125,9.0,1.5,3e-06,0.4,2e-05,1.0,SAC405,SAC105,SAC305
75,0.010626080445945263,0.22286412119865417,4.87190580368042,-0.05993872880935669,0.006260588765144348,-36.90000000000009,349,-0.020693584444902557,-0.07755617294658546,0.010626080445945263,0.22286412119865417,4.87190580368042,-0.05993872880935669,0.006260588765144348,0.25,0.04,0.125,3.0,2.0,3e-06,0.4,3e-05,1.0,SAC405,SAC105,SAC405
430,0.010626080445945263,0.22286412119865417,4.87190580368042,-0.05993872880935669,0.006260588765144348,-36.90000000000009,350,-0.020693584444902557,-0.07755617294658546,0.010626080445945263,0.22286412119865417,4.87190580368042,-0.05993872880935669,0.006260588765144348,0.25,0.04,0.125,3.0,2.0,3e-06,0.4,3e-05,1.0,SAC405,SAC105,SAC405
178,0.005939045920968056,0.03198282793164253,4.9114580154418945,-0.02579612098634243,0.04327266663312912,-37.750000000000114,351,0.14430122884449675,0.2148777613694083,0.005939045920968056,0.03198282793164253,4.9114580154418945,-0.02579612098634243,0.04327266663312912,0.25,0.06,0.125,3.0,2.0,6e-06,1.2,2e-05,1.0,SAC205,SAC105,SAC405
14,0.005939045920968056,0.03198282793164253,4.9114580154418945,-0.02579612098634243,0.04327266663312912,-37.750000000000114,352,0.14430122884449675,0.2148777613694083,0.005939045920968056,0.03198282793164253,4.9114580154418945,-0.02579612098634243,0.04327266663312912,0.25,0.06,0.125,3.0,2.0,6e-06,1.2,2e-05,1.0,SAC205,SAC105,SAC405
147,0.0013771634548902512,0.06844136863946915,7.742559909820557,-0.062070559710264206,0.04438767954707146,-37.9500000000005,353,0.1657290406267537,0.026210144087827025,0.0013771634548902512,0.06844136863946915,7.742559909820557,-0.062070559710264206,0.04438767954707146,0.5,0.06,0.125,3.0,2.0,3e-06,0.4,2e-05,1.0,SAC405,SAC305,SAC205
150,0.008993745781481266,0.2595217227935791,4.852227210998535,-0.06685531884431839,0.016412191092967987,-38.19999999999982,354,-0.04438958698767774,-0.09264112664841935,0.008993745781481266,0.2595217227935791,4.852227210998535,-0.06685531884431839,0.016412191092967987,0.25,0.06,0.125,3.0,1.5,9e-06,0.4,3e-05,1.0,SAC305,SAC105,SAC405
60,0.0066810897551476955,0.20606160163879395,4.329374313354492,-0.05757264047861099,0.030657608062028885,-39.30000000000041,355,-0.015255295824882286,0.009303942366525899,0.0066810897551476955,0.20606160163879395,4.329374313354492,-0.05757264047861099,0.030657608062028885,0.25,0.06,0.125,3.0,1.0,3e-06,0.4,2.5e-05,1.0,SAC405,SAC105,SAC105
379,0.005324309226125479,0.21938365697860718,5.348569869995117,-0.07248815894126892,0.037525929510593414,-39.45000000000027,356,-0.019883484408276805,-0.04402401157950196,0.005324309226125479,0.21938365697860718,5.348569869995117,-0.07248815894126892,0.037525929510593414,0.25,0.04,0.125,9.0,1.5,6e-06,0.4,2.5e-05,1.0,SAC105,SAC105,SAC405
356,0.004474984481930733,0.24035443365573883,5.1513543128967285,-0.07141174376010895,0.04082350432872772,-39.55000000000052,357,-0.023722197539224835,-0.04220078696476651,0.004474984481930733,0.24035443365573883,5.1513543128967285,-0.07141174376010895,0.04082350432872772,0.25,0.04,0.125,9.0,1.0,6e-06,0.4,3e-05,1.0,SAC305,SAC105,SAC405
203,0.004275395534932613,0.1031091958284378,6.601332187652588,-0.08118651807308197,0.06573690474033356,-39.84999999999968,358,0.011222427476122692,0.04145410598493096,0.004275395534932613,0.1031091958284378,6.601332187652588,-0.08118651807308197,0.06573690474033356,0.25,0.06,0.125,9.0,2.0,6e-06,0.4,2e-05,1.0,SAC405,SAC305,SAC405
187,0.0075342790223658085,0.015226848423480988,4.453547477722168,-0.060651909559965134,0.07563310116529465,-41.30000000000075,359,-0.02200267090521416,0.2191345732896179,0.0075342790223658085,0.015226848423480988,4.453547477722168,-0.060651909559965134,0.07563310116529465,0.25,0.06,0.125,6.0,1.0,3e-06,0.4,2e-05,1.0,SAC405,SAC105,SAC405
208,0.0,0.1566701978445053,7.413995742797852,-0.047701481729745865,0.015259112231433392,-42.050000000000466,360,0.2185332307664567,-0.059510089466128735,0.0,0.1566701978445053,7.413995742797852,-0.047701481729745865,0.015259112231433392,0.5,0.06,0.125,3.0,2.0,9e-06,0.8,2e-05,1.0,SAC405,SAC305,SAC205
275,0.0,0.1566701978445053,7.413995742797852,-0.047701481729745865,0.015259112231433392,-42.050000000000466,361,0.2185332307664567,-0.059510089466128735,0.0,0.1566701978445053,7.413995742797852,-0.047701481729745865,0.015259112231433392,0.5,0.06,0.125,3.0,2.0,9e-06,0.8,2e-05,1.0,SAC405,SAC305,SAC205
112,0.005734831094741821,0.25247061252593994,5.853915214538574,-0.07640571892261505,0.026983927935361862,-42.45000000000033,362,-0.015560953395205423,-0.11258291659953108,0.005734831094741821,0.25247061252593994,5.853915214538574,-0.07640571892261505,0.026983927935361862,0.25,0.06,0.125,3.0,1.5,9e-06,0.4,3e-05,1.0,SAC205,SAC205,SAC405
200,0.0019384919432923198,0.40298742055892944,5.572686672210693,-0.07341133058071136,0.02488023042678833,-43.14999999999969,363,-0.014729270568039552,-0.21121031487918462,0.0019384919432923198,0.40298742055892944,5.572686672210693,-0.07341133058071136,0.02488023042678833,0.25,0.04,0.125,9.0,2.0,9e-06,0.4,3e-05,2.0,SAC105,SAC105,SAC405
125,0.0019384919432923198,0.40298742055892944,5.572686672210693,-0.07341133058071136,0.02488023042678833,-43.14999999999969,364,-0.014729270568039552,-0.21121031487918462,0.0019384919432923198,0.40298742055892944,5.572686672210693,-0.07341133058071136,0.02488023042678833,0.25,0.04,0.125,9.0,2.0,9e-06,0.4,3e-05,2.0,SAC105,SAC105,SAC405
378,0.00638935063034296,0.31723296642303467,5.244747161865234,-0.07029197365045547,0.010689104907214642,-44.70000000000056,365,-0.02596479426455055,-0.16191589652152208,0.00638935063034296,0.31723296642303467,5.244747161865234,-0.07029197365045547,0.010689104907214642,0.25,0.04,0.125,3.0,2.0,9e-06,0.4,3e-05,1.0,SAC305,SAC105,SAC405
220,0.008549360558390617,0.10242174565792084,4.470383644104004,-0.06738074868917465,0.05542304366827011,-46.84999999999968,366,-0.05223281270636407,0.10330640486556865,0.008549360558390617,0.10242174565792084,4.470383644104004,-0.06738074868917465,0.05542304366827011,0.25,0.06,0.125,3.0,1.0,6e-06,0.4,2e-05,1.0,SAC305,SAC105,SAC405
312,0.003812219947576523,0.10564249008893967,8.656415939331055,-0.08392095565795898,0.038297612220048904,-46.94999999999965,367,0.1055695957679981,-0.08778394964741901,0.003812219947576523,0.10564249008893967,8.656415939331055,-0.08392095565795898,0.038297612220048904,0.25,0.06,0.125,3.0,2.0,9e-06,0.4,2e-05,1.0,SAC205,SAC405,SAC405
71,0.01040991023182869,0.1676526963710785,4.376082420349121,-0.057524215430021286,0.02134837955236435,-47.44999999999976,368,-0.029507142377568102,0.01048402975006889,0.01040991023182869,0.1676526963710785,4.376082420349121,-0.057524215430021286,0.02134837955236435,0.25,0.06,0.125,3.0,2.0,3e-06,0.4,2.5e-05,1.0,SAC405,SAC105,SAC405
249,0.0,0.1851351410150528,4.642848968505859,-0.07030422985553741,0.0775563046336174,-48.149999999999864,369,-0.017771080026414553,0.0949669445100938,0.0,0.1851351410150528,4.642848968505859,-0.07030422985553741,0.0775563046336174,0.25,0.06,0.125,9.0,1.0,6e-06,0.4,2.5e-05,1.0,SAC305,SAC105,SAC405
498,0.0025338567793369293,0.13493140041828156,6.246458530426025,-0.033458542078733444,0.014197785407304764,-50.00000000000051,370,0.20319969350558859,0.01904734465777313,0.0025338567793369293,0.13493140041828156,6.246458530426025,-0.033458542078733444,0.014197785407304764,0.5,0.06,0.125,3.0,2.0,9e-06,1.2,2e-05,1.5,SAC405,SAC205,SAC405
35,0.0025338567793369293,0.13493140041828156,6.246458530426025,-0.033458542078733444,0.014197785407304764,-50.00000000000051,371,0.20319969350558859,0.01904734465777313,0.0025338567793369293,0.13493140041828156,6.246458530426025,-0.033458542078733444,0.014197785407304764,0.5,0.06,0.125,3.0,2.0,9e-06,1.2,2e-05,1.5,SAC405,SAC205,SAC405
465,0.0011433910112828016,0.22853605449199677,5.771134853363037,-0.0821109488606453,0.061185769736766815,-50.39999999999992,372,-0.01849397252117218,-0.028118839152091287,0.0011433910112828016,0.22853605449199677,5.771134853363037,-0.0821109488606453,0.061185769736766815,0.25,0.06,0.125,9.0,1.5,9e-06,0.4,2.5e-05,1.5,SAC305,SAC205,SAC305
310,0.0011433910112828016,0.22853605449199677,5.771134853363037,-0.0821109488606453,0.061185769736766815,-50.39999999999992,373,-0.01849397252117218,-0.028118839152091287,0.0011433910112828016,0.22853605449199677,5.771134853363037,-0.0821109488606453,0.061185769736766815,0.25,0.06,0.125,9.0,1.5,9e-06,0.4,2.5e-05,1.5,SAC305,SAC205,SAC305
217,0.003004599828273058,0.1913573145866394,4.579273700714111,-0.03311045840382576,0.024492736905813217,-50.50000000000057,374,0.11319115145464324,0.054785102761261105,0.003004599828273058,0.1913573145866394,4.579273700714111,-0.03311045840382576,0.024492736905813217,0.75,0.06,0.125,3.0,2.0,9e-06,1.2,2e-05,1.5,SAC305,SAC105,SAC305
171,0.005296615418046713,0.2543409764766693,5.3213419914245605,-0.060071904212236404,0.007645102217793465,-50.650000000000034,375,0.032921833316472,-0.10636426615076618,0.005296615418046713,0.2543409764766693,5.3213419914245605,-0.060071904212236404,0.007645102217793465,0.25,0.04,0.125,3.0,1.0,3e-06,0.4,2.5e-05,1.0,SAC405,SAC105,SAC105
343,0.0,0.09507745504379272,6.444746494293213,-0.08118651807308197,0.09610020369291306,-51.20000000000044,376,0.020821725883430276,0.12507651522816376,0.0,0.09507745504379272,6.444746494293213,-0.08118651807308197,0.09610020369291306,0.25,0.06,0.125,9.0,1.0,6e-06,0.4,2e-05,1.0,SAC305,SAC305,SAC405
414,0.0,0.15671055018901825,6.704899311065674,-0.08193056285381317,0.06602248549461365,-51.25,377,0.03799705548211102,0.0037280074033266865,0.0,0.15671055018901825,6.704899311065674,-0.08193056285381317,0.06602248549461365,0.25,0.06,0.125,6.0,1.5,9e-06,0.4,2e-05,1.5,SAC405,SAC305,SAC405
224,0.0016802423633635044,0.21205739676952362,5.571352005004883,-0.08037447929382324,0.058322835713624954,-51.700000000000045,378,-0.019277890207460516,-0.014752609379424374,0.0016802423633635044,0.21205739676952362,5.571352005004883,-0.08037447929382324,0.058322835713624954,0.25,0.06,0.125,3.0,1.0,9e-06,0.4,2e-05,1.0,SAC405,SAC205,SAC305
345,0.005795925855636597,0.2096959799528122,4.638638973236084,-0.07053231447935104,0.040876422077417374,-51.9500000000005,379,-0.04392387857907793,-0.006479365265390961,0.005795925855636597,0.2096959799528122,4.638638973236084,-0.07053231447935104,0.040876422077417374,0.25,0.06,0.125,6.0,1.5,9e-06,0.4,2.5e-05,1.0,SAC205,SAC105,SAC405
218,0.00861311238259077,0.1987261027097702,5.320215225219727,-0.060151226818561554,0.005582106299698353,-52.049999999999784,380,0.0173579089053188,-0.07545851376175912,0.00861311238259077,0.1987261027097702,5.320215225219727,-0.060151226818561554,0.005582106299698353,0.25,0.04,0.125,3.0,2.0,3e-06,0.4,2.5e-05,1.0,SAC305,SAC105,SAC405
425,0.00861311238259077,0.1987261027097702,5.320215225219727,-0.060151226818561554,0.005582106299698353,-52.049999999999784,381,0.0173579089053188,-0.07545851376175912,0.00861311238259077,0.1987261027097702,5.320215225219727,-0.060151226818561554,0.005582106299698353,0.25,0.04,0.125,3.0,2.0,3e-06,0.4,2.5e-05,1.0,SAC305,SAC105,SAC405
370,0.0025338567793369293,0.13493140041828156,6.261459827423096,-0.033458542078733444,0.01184769719839096,-53.250000000000284,382,0.20457157655125877,0.012782935001632868,0.0025338567793369293,0.13493140041828156,6.261459827423096,-0.033458542078733444,0.01184769719839096,0.5,0.06,0.125,3.0,1.5,9e-06,1.2,2e-05,1.5,SAC405,SAC205,SAC405
222,5.187643182580359e-05,0.15639103949069977,6.545351982116699,-0.03290550410747528,0.014037251472473145,-53.250000000000625,383,0.2365562293055644,-0.002829429324631979,5.187643182580359e-05,0.15639103949069977,6.545351982116699,-0.03290550410747528,0.014037251472473145,0.25,0.06,0.125,3.0,1.5,9e-06,1.2,2e-05,1.5,SAC405,SAC205,SAC405
365,5.187643182580359e-05,0.15639103949069977,6.545351982116699,-0.03290550410747528,0.014037251472473145,-53.250000000000625,384,0.2365562293055644,-0.002829429324631979,5.187643182580359e-05,0.15639103949069977,6.545351982116699,-0.03290550410747528,0.014037251472473145,0.25,0.06,0.125,3.0,1.5,9e-06,1.2,2e-05,1.5,SAC405,SAC205,SAC405
348,0.00036752602318301797,0.19433437287807465,4.430662155151367,-0.06742488592863083,0.06769964843988419,-53.54999999999984,385,-0.01410332580663757,0.07732307785320731,0.00036752602318301797,0.19433437287807465,4.430662155151367,-0.06742488592863083,0.06769964843988419,0.25,0.06,0.125,6.0,1.0,6e-06,0.4,2.5e-05,1.0,SAC305,SAC105,SAC405
315,0.00036752602318301797,0.19433437287807465,4.430662155151367,-0.06742488592863083,0.06769964843988419,-53.54999999999984,386,-0.01410332580663757,0.07732307785320731,0.00036752602318301797,0.19433437287807465,4.430662155151367,-0.06742488592863083,0.06769964843988419,0.25,0.06,0.125,6.0,1.0,6e-06,0.4,2.5e-05,1.0,SAC305,SAC105,SAC405
223,0.0,0.2468741536140442,4.647533416748047,-0.07053231447935104,0.05889667198061943,-53.65000000000026,387,-0.01671304029277954,0.011676178716219048,0.0,0.2468741536140442,4.647533416748047,-0.07053231447935104,0.05889667198061943,0.25,0.06,0.125,6.0,1.0,9e-06,0.4,2.5e-05,1.0,SAC405,SAC105,SAC205
420,0.0009838464902713895,0.2899702787399292,6.649219036102295,-0.07676045596599579,0.028413642197847366,-53.84999999999974,388,0.04583695565197786,-0.1591520453216097,0.0009838464902713895,0.2899702787399292,6.649219036102295,-0.07676045596599579,0.028413642197847366,0.5,0.06,0.125,3.0,1.5,9e-06,0.4,2.5e-05,1.5,SAC405,SAC205,SAC405
228,0.00038707887870259583,0.23170341551303864,6.927088737487793,-0.0812140479683876,0.042389724403619766,-54.899999999999864,389,0.04822279304739908,-0.10449038020071788,0.00038707887870259583,0.23170341551303864,6.927088737487793,-0.0812140479683876,0.042389724403619766,0.25,0.06,0.125,9.0,2.0,9e-06,0.4,3e-05,1.0,SAC405,SAC305,SAC405
335,0.006286670919507742,0.218772292137146,4.187470436096191,-0.05642634257674217,0.022026855498552322,-54.950000000000045,390,-0.009594132433867829,-0.012009667836635096,0.006286670919507742,0.218772292137146,4.187470436096191,-0.05642634257674217,0.022026855498552322,0.25,0.06,0.125,3.0,2.0,3e-06,0.4,3e-05,1.0,SAC405,SAC105,SAC205
185,0.0,0.09828702360391617,7.5323262214660645,-0.04744977131485939,0.02199767902493477,-55.549999999999955,391,0.22739681915271723,-0.007189433528669048,0.0,0.09828702360391617,7.5323262214660645,-0.04744977131485939,0.02199767902493477,0.25,0.06,0.125,9.0,2.0,9e-06,0.8,2e-05,1.5,SAC205,SAC305,SAC305
188,0.0020028057042509317,0.23557749390602112,5.658932685852051,-0.08128020912408829,0.050468459725379944,-55.99999999999983,392,-0.020395686605708754,-0.05195782048711985,0.0020028057042509317,0.23557749390602112,5.658932685852051,-0.08128020912408829,0.050468459725379944,0.25,0.06,0.125,6.0,1.5,9e-06,0.4,2e-05,1.5,SAC405,SAC205,SAC305
295,0.009578668512403965,0.1693887859582901,4.376082420349121,-0.057524215430021286,0.02134837955236435,-55.999999999999886,393,-0.022833364026065152,0.009360104189922622,0.009578668512403965,0.1693887859582901,4.376082420349121,-0.057524215430021286,0.02134837955236435,0.25,0.06,0.125,3.0,2.0,3e-06,0.4,2.5e-05,1.0,SAC305,SAC105,SAC405
492,0.0,0.1777496337890625,7.20239782333374,-0.08295812457799911,0.05258222669363022,-56.10000000000008,394,0.059379069715539926,-0.05701233116749995,0.0,0.1777496337890625,7.20239782333374,-0.08295812457799911,0.05258222669363022,0.25,0.04,0.125,3.0,2.0,9e-06,0.4,2e-05,1.0,SAC405,SAC205,SAC405
371,0.0048796795308589935,0.229213684797287,4.638638973236084,-0.07053231447935104,0.040876422077417374,-56.15000000000083,395,-0.04044592363424916,-0.01858976595580695,0.0048796795308589935,0.229213684797287,4.638638973236084,-0.07053231447935104,0.040876422077417374,0.25,0.06,0.125,6.0,1.5,9e-06,0.4,2.5e-05,1.0,SAC105,SAC105,SAC405
198,0.008050385862588882,0.16636934876441956,5.652070045471191,-0.07461807131767273,0.03098783828318119,-56.350000000000136,396,-0.021950766164241922,-0.03806348602740516,0.008050385862588882,0.16636934876441956,5.652070045471191,-0.07461807131767273,0.03098783828318119,0.25,0.04,0.125,9.0,2.0,9e-06,0.4,2e-05,1.0,SAC105,SAC105,SAC405
477,0.002355277771130204,0.11701299250125885,6.674458980560303,-0.08193056285381317,0.06206195428967476,-58.999999999999375,397,0.02749021032908963,0.02007562199408014,0.002355277771130204,0.11701299250125885,6.674458980560303,-0.08193056285381317,0.06206195428967476,0.25,0.06,0.125,6.0,2.0,9e-06,0.4,2e-05,1.0,SAC405,SAC305,SAC405
204,0.0026270956732332706,0.17808403074741364,5.63637638092041,-0.08076692372560501,0.05833461508154869,-59.94999999999942,398,-0.01890180638523378,0.0038255717495188674,0.0026270956732332706,0.17808403074741364,5.63637638092041,-0.08076692372560501,0.05833461508154869,0.25,0.06,0.125,9.0,2.0,6e-06,0.4,2.5e-05,1.0,SAC205,SAC205,SAC405
368,0.003221942111849785,0.24848772585391998,4.593966960906982,-0.06885623931884766,0.038748472929000854,-60.55000000000075,399,-0.025428889671632805,-0.030431737350498773,0.003221942111849785,0.24848772585391998,4.593966960906982,-0.06885623931884766,0.038748472929000854,0.25,0.06,0.125,3.0,1.0,9e-06,0.4,2.5e-05,1.0,SAC205,SAC105,SAC405
337,0.00711779622361064,0.10598533600568771,5.295583248138428,-0.07091984897851944,0.04670136421918869,-60.74999999999977,400,-0.015431719885375157,0.05165701999717589,0.00711779622361064,0.10598533600568771,5.295583248138428,-0.07091984897851944,0.04670136421918869,0.5,0.06,0.125,3.0,1.0,9e-06,0.4,2e-05,1.0,SAC205,SAC105,SAC405
250,0.002355277771130204,0.11701299250125885,5.672084331512451,-0.08128020912408829,0.0769578367471695,-60.999999999999375,401,-0.01851572805542066,0.0821242181001897,0.002355277771130204,0.11701299250125885,5.672084331512451,-0.08128020912408829,0.0769578367471695,0.25,0.06,0.125,6.0,1.0,9e-06,0.4,2e-05,1.0,SAC405,SAC205,SAC405
248,0.0,0.27205201983451843,6.870141506195068,-0.0748404935002327,0.024097604677081108,-61.49999999999994,402,0.07510840471390089,-0.15746300063425103,0.0,0.27205201983451843,6.870141506195068,-0.0748404935002327,0.024097604677081108,0.5,0.06,0.125,3.0,1.5,9e-06,0.4,3e-05,1.0,SAC405,SAC205,SAC405
470,0.0,0.27205201983451843,6.870141506195068,-0.0748404935002327,0.024097604677081108,-61.49999999999994,403,0.07510840471390089,-0.15746300063425103,0.0,0.27205201983451843,6.870141506195068,-0.0748404935002327,0.024097604677081108,0.5,0.06,0.125,3.0,1.5,9e-06,0.4,3e-05,1.0,SAC405,SAC205,SAC405
137,0.0,0.4203255772590637,5.572686672210693,-0.07341133058071136,0.02488023042678833,-61.84999999999923,404,-0.0009547896495297756,-0.22172088383402458,0.0,0.4203255772590637,5.572686672210693,-0.07341133058071136,0.02488023042678833,0.25,0.04,0.125,9.0,2.0,9e-06,0.4,3e-05,2.0,SAC105,SAC105,SAC305
428,0.0,0.4203255772590637,5.572686672210693,-0.07341133058071136,0.02488023042678833,-61.84999999999923,405,-0.0009547896495297756,-0.22172088383402458,0.0,0.4203255772590637,5.572686672210693,-0.07341133058071136,0.02488023042678833,0.25,0.04,0.125,9.0,2.0,9e-06,0.4,3e-05,2.0,SAC105,SAC105,SAC305
159,0.0024129583034664392,0.22709041833877563,5.880471229553223,-0.07833587378263474,0.04155927151441574,-61.89999999999998,406,0.0017977340497483288,-0.06646790597707529,0.0024129583034664392,0.22709041833877563,5.880471229553223,-0.07833587378263474,0.04155927151441574,0.25,0.06,0.125,6.0,2.0,9e-06,0.4,3e-05,1.0,SAC105,SAC205,SAC405
157,0.007436493877321482,0.1716357320547104,4.399085998535156,-0.05643666163086891,0.022787604480981827,-64.79999999999995,407,-0.0025572976057833398,0.01292007952167697,0.007436493877321482,0.1716357320547104,4.399085998535156,-0.05643666163086891,0.022787604480981827,0.25,0.06,0.125,3.0,1.5,3e-06,0.4,3e-05,1.0,SAC405,SAC105,SAC405
199,0.0031326112803071737,0.2570658028125763,5.502196788787842,-0.07434186339378357,0.029196273535490036,-66.69999999999976,408,-0.0027516077985079057,-0.09400707526223127,0.0031326112803071737,0.2570658028125763,5.502196788787842,-0.07434186339378357,0.029196273535490036,0.25,0.04,0.125,9.0,2.0,9e-06,0.4,2.5e-05,1.0,SAC405,SAC105,SAC405
268,0.005617843009531498,0.09829816967248917,4.9767537117004395,-0.07243414223194122,0.05741677060723305,-66.79999999999995,409,-0.02518140801544459,0.08446334215999556,0.005617843009531498,0.09829816967248917,4.9767537117004395,-0.07243414223194122,0.05741677060723305,0.25,0.06,0.125,9.0,1.5,9e-06,0.4,2e-05,1.0,SAC205,SAC105,SAC405
124,0.004793224390596151,0.19076411426067352,4.621755599975586,-0.07133445888757706,0.04588509723544121,-67.05000000000007,410,-0.03811487802680915,0.015084650576085152,0.004793224390596151,0.19076411426067352,4.621755599975586,-0.07133445888757706,0.04588509723544121,0.25,0.06,0.125,6.0,2.0,9e-06,0.4,2e-05,1.0,SAC405,SAC105,SAC105
306,0.003221942111849785,0.24848772585391998,5.693560600280762,-0.07855921983718872,0.03365005552768707,-67.34999999999974,411,-0.010883609399538686,-0.09279517881641183,0.003221942111849785,0.24848772585391998,5.693560600280762,-0.07855921983718872,0.03365005552768707,0.25,0.06,0.125,3.0,2.0,9e-06,0.4,2.5e-05,1.0,SAC205,SAC205,SAC405
251,0.0030627918895334005,0.19126619398593903,4.470420837402344,-0.06595763564109802,0.04590478539466858,-67.8000000000003,412,-0.013446097805823712,0.03044113778328617,0.0030627918895334005,0.19126619398593903,4.470420837402344,-0.06595763564109802,0.04590478539466858,0.25,0.06,0.125,6.0,2.0,6e-06,0.4,3e-05,1.0,SAC205,SAC105,SAC405
442,0.0030627918895334005,0.19126619398593903,4.470420837402344,-0.06595763564109802,0.04590478539466858,-67.8000000000003,413,-0.013446097805823712,0.03044113778328617,0.0030627918895334005,0.19126619398593903,4.470420837402344,-0.06595763564109802,0.04590478539466858,0.25,0.06,0.125,6.0,2.0,6e-06,0.4,3e-05,1.0,SAC205,SAC105,SAC405
3,0.007436493877321482,0.1716357320547104,4.187470436096191,-0.05642634257674217,0.022026855498552322,-69.74999999999994,414,-0.009486436460291634,0.01658319648857846,0.007436493877321482,0.1716357320547104,4.187470436096191,-0.05642634257674217,0.022026855498552322,0.25,0.06,0.125,3.0,2.0,3e-06,0.4,3e-05,1.0,SAC405,SAC105,SAC405
50,0.007436493877321482,0.1716357320547104,4.187470436096191,-0.05642634257674217,0.022026855498552322,-69.74999999999994,415,-0.009486436460291634,0.01658319648857846,0.007436493877321482,0.1716357320547104,4.187470436096191,-0.05642634257674217,0.022026855498552322,0.25,0.06,0.125,3.0,2.0,3e-06,0.4,3e-05,1.0,SAC405,SAC105,SAC405
233,0.0,0.2755891680717468,5.705758571624756,-0.08035794645547867,0.04443947225809097,-71.19999999999965,416,-0.00260559896099117,-0.09011772222954659,0.0,0.2755891680717468,5.705758571624756,-0.08035794645547867,0.04443947225809097,0.25,0.06,0.125,6.0,1.5,9e-06,0.4,2.5e-05,1.5,SAC205,SAC205,SAC305
331,0.002492279512807727,0.33484989404678345,4.992512226104736,-0.06770990788936615,0.015192119404673576,-72.59999999999991,417,-0.0011711105786491357,-0.14797538061038285,0.002492279512807727,0.33484989404678345,4.992512226104736,-0.06770990788936615,0.015192119404673576,0.25,0.04,0.125,3.0,1.0,6e-06,0.4,3e-05,1.0,SAC305,SAC105,SAC205
269,0.007436493877321482,0.1716357320547104,5.162539482116699,-0.06414764374494553,0.016731712967157364,-73.54999999999995,418,0.006268440410579673,-0.03710125154459694,0.007436493877321482,0.1716357320547104,5.162539482116699,-0.06414764374494553,0.016731712967157364,0.25,0.06,0.125,3.0,2.0,3e-06,0.4,3e-05,1.0,SAC405,SAC205,SAC405
116,0.0,0.09507745504379272,4.739924430847168,-0.07086877524852753,0.09501022845506668,-73.7499999999992,419,-0.010511725929650616,0.185991880295701,0.0,0.09507745504379272,4.739924430847168,-0.07086877524852753,0.09501022845506668,0.25,0.06,0.125,9.0,1.0,6e-06,0.4,2e-05,1.0,SAC305,SAC105,SAC405
264,0.0002544349408708513,0.1849471628665924,4.676761150360107,-0.07030422985553741,0.06175246834754944,-73.95000000000061,420,-0.006401404173329072,0.05529063975747805,0.0002544349408708513,0.1849471628665924,4.676761150360107,-0.07030422985553741,0.06175246834754944,0.25,0.06,0.125,9.0,1.5,6e-06,0.4,2.5e-05,1.0,SAC305,SAC105,SAC305
316,0.0075342790223658085,0.015226848423480988,4.4566330909729,-0.060641590505838394,0.0569404698908329,-75.99999999999966,421,-0.0076752363246449925,0.1689396439835739,0.0075342790223658085,0.015226848423480988,4.4566330909729,-0.060641590505838394,0.0569404698908329,0.25,0.06,0.125,6.0,2.0,3e-06,0.4,2e-05,1.0,SAC405,SAC105,SAC405
485,0.005734831094741821,0.25247061252593994,4.605135440826416,-0.06677959114313126,0.015651442110538483,-77.35000000000053,422,-0.02269989167036368,-0.07949480837198927,0.005734831094741821,0.25247061252593994,4.605135440826416,-0.06677959114313126,0.015651442110538483,0.25,0.06,0.125,3.0,2.0,9e-06,0.4,3e-05,1.0,SAC205,SAC105,SAC405
476,0.007095072418451309,0.16361425817012787,5.358161449432373,-0.07396146655082703,0.027570359408855438,-77.65000000000043,423,-0.019149879326659732,-0.033958997456645074,0.007095072418451309,0.16361425817012787,5.358161449432373,-0.07396146655082703,0.027570359408855438,0.25,0.04,0.125,6.0,2.0,9e-06,0.4,2e-05,1.0,SAC205,SAC105,SAC405
328,0.00711779622361064,0.10598533600568771,6.581113338470459,-0.07754242420196533,0.028947092592716217,-80.90000000000015,424,0.023777344795932544,-0.03584200916364852,0.00711779622361064,0.10598533600568771,6.581113338470459,-0.07754242420196533,0.028947092592716217,0.5,0.06,0.125,3.0,1.5,9e-06,0.4,2e-05,1.0,SAC205,SAC205,SAC405
226,0.0006724753184244037,0.0758853629231453,4.739924430847168,-0.07086877524852753,0.09501022845506668,-80.94999999999959,425,-0.012175037160504087,0.1965743693522216,0.0006724753184244037,0.0758853629231453,4.739924430847168,-0.07086877524852753,0.09501022845506668,0.25,0.06,0.125,9.0,1.0,6e-06,0.4,2e-05,1.0,SAC205,SAC105,SAC405
106,0.0,0.08322965353727341,8.37086296081543,-0.0795070230960846,0.04193221032619476,-81.39999999999958,426,0.138551737379525,-0.04516149140899403,0.0,0.08322965353727341,8.37086296081543,-0.0795070230960846,0.04193221032619476,0.25,0.06,0.125,3.0,2.0,6e-06,0.4,2e-05,1.0,SAC205,SAC405,SAC405
214,0.0,0.30587419867515564,5.853915214538574,-0.07640571892261505,0.026983927935361862,-81.4999999999996,427,0.021959592632801873,-0.1444483068589742,0.0,0.30587419867515564,5.853915214538574,-0.07640571892261505,0.026983927935361862,0.25,0.06,0.125,3.0,1.5,9e-06,0.4,3e-05,1.0,SAC105,SAC205,SAC405
225,0.0018616116140037775,0.19679884612560272,5.458348274230957,-0.07800125330686569,0.04659169167280197,-81.54999999999961,428,-0.005602785711211564,-0.023234421532608112,0.0018616116140037775,0.19679884612560272,5.458348274230957,-0.07800125330686569,0.04659169167280197,0.25,0.06,0.125,6.0,1.5,6e-06,0.4,2.5e-05,1.0,SAC405,SAC205,SAC405
391,0.0,0.11515805125236511,8.528599739074707,-0.08392095565795898,0.03905835747718811,-83.04999999999978,429,0.1271623805292051,-0.0859250376367142,0.0,0.11515805125236511,8.528599739074707,-0.08392095565795898,0.03905835747718811,0.25,0.06,0.125,3.0,1.5,9e-06,0.4,2e-05,1.0,SAC405,SAC405,SAC405
153,0.001086174277588725,0.08508460968732834,4.488651752471924,-0.06859109550714493,0.08515357226133347,-83.89999999999958,430,-0.012208510492541192,0.17702857135446695,0.001086174277588725,0.08508460968732834,4.488651752471924,-0.06859109550714493,0.08515357226133347,0.25,0.06,0.125,6.0,1.0,6e-06,0.4,2e-05,1.0,SAC205,SAC105,SAC405
394,0.005617843009531498,0.09829816967248917,4.972052097320557,-0.07215578109025955,0.04930257424712181,-84.4000000000002,431,-0.018340056208898767,0.06596570365582356,0.005617843009531498,0.09829816967248917,4.972052097320557,-0.07215578109025955,0.04930257424712181,0.25,0.06,0.125,9.0,2.0,9e-06,0.4,2e-05,1.0,SAC205,SAC105,SAC405
327,0.0006724753184244037,0.0758853629231453,5.586578845977783,-0.08105925470590591,0.09594099968671799,-86.00000000000051,432,-0.012855269475292249,0.1540431174937937,0.0006724753184244037,0.0758853629231453,5.586578845977783,-0.08105925470590591,0.09594099968671799,0.25,0.06,0.125,9.0,1.0,6e-06,0.4,2e-05,1.0,SAC205,SAC205,SAC405
464,0.0,0.08322965353727341,6.258975505828857,-0.07849544286727905,0.06971245259046555,-87.69999999999993,433,0.042275294649163034,0.07531477653674756,0.0,0.08322965353727341,6.258975505828857,-0.07849544286727905,0.06971245259046555,0.25,0.06,0.125,3.0,1.0,6e-06,0.4,2e-05,1.0,SAC205,SAC305,SAC405
357,0.005114101339131594,0.06948069483041763,7.027974605560303,-0.07035050541162491,0.024284176528453827,-87.94999999999959,434,0.08731205911445582,-0.020294392503096555,0.005114101339131594,0.06948069483041763,7.027974605560303,-0.07035050541162491,0.024284176528453827,0.25,0.04,0.125,3.0,2.0,3e-06,0.4,2e-05,1.0,SAC405,SAC205,SAC405
83,0.0007722129230387509,0.14349228143692017,6.375464916229248,-0.05523958429694176,0.019745230674743652,-88.49999999999994,435,0.13622731392875703,-0.026267193683402384,0.0007722129230387509,0.14349228143692017,6.375464916229248,-0.05523958429694176,0.019745230674743652,0.5,0.04,0.125,3.0,1.5,3e-06,0.4,2e-05,1.0,SAC405,SAC105,SAC205
94,0.0007722129230387509,0.14349228143692017,6.37943172454834,-0.054993465542793274,0.018984483554959297,-89.39999999999992,436,0.13758091329696756,-0.027544885480778384,0.0007722129230387509,0.14349228143692017,6.37943172454834,-0.054993465542793274,0.018984483554959297,0.5,0.04,0.125,3.0,2.0,3e-06,0.4,2e-05,1.0,SAC405,SAC105,SAC205
244,0.0,0.37335965037345886,5.33285665512085,-0.07094866782426834,0.01500514056533575,-89.44999999999948,437,0.014916980384187619,-0.19038638556236331,0.0,0.37335965037345886,5.33285665512085,-0.07094866782426834,0.01500514056533575,0.25,0.04,0.125,3.0,2.0,9e-06,0.4,2.5e-05,1.5,SAC105,SAC105,SAC405
383,0.0,0.22607505321502686,4.396937847137451,-0.06536862254142761,0.04346465319395065,-90.2000000000001,438,0.005558067547546635,0.006930879394649816,0.0,0.22607505321502686,4.396937847137451,-0.06536862254142761,0.04346465319395065,0.25,0.06,0.125,3.0,1.0,6e-06,0.4,2.5e-05,1.0,SAC205,SAC105,SAC405
445,0.0,0.22607505321502686,4.396937847137451,-0.06536862254142761,0.04346465319395065,-90.2000000000001,439,0.005558067547546635,0.006930879394649816,0.0,0.22607505321502686,4.396937847137451,-0.06536862254142761,0.04346465319395065,0.25,0.06,0.125,3.0,1.0,6e-06,0.4,2.5e-05,1.0,SAC205,SAC105,SAC405
385,0.005652784835547209,0.11177393794059753,6.581113338470459,-0.07754242420196533,0.028947092592716217,-90.94999999999982,440,0.03421828133738276,-0.03900483335048739,0.005652784835547209,0.11177393794059753,6.581113338470459,-0.07754242420196533,0.028947092592716217,0.5,0.06,0.125,3.0,1.5,9e-06,0.4,2e-05,1.0,SAC405,SAC205,SAC405
57,0.0010975422337651253,0.13799574971199036,5.896767616271973,-0.08243154734373093,0.06221138685941696,-91.09999999999968,441,0.0033327612692961085,0.026196256328316597,0.0010975422337651253,0.13799574971199036,5.896767616271973,-0.08243154734373093,0.06221138685941696,0.25,0.06,0.125,9.0,2.0,9e-06,0.4,2e-05,1.5,SAC205,SAC205,SAC405
495,0.001136199221946299,0.33092886209487915,5.33285665512085,-0.07094866782426834,0.01500514056533575,-91.5499999999999,442,0.013718674248875304,-0.16059609340203745,0.001136199221946299,0.33092886209487915,5.33285665512085,-0.07094866782426834,0.01500514056533575,0.25,0.04,0.125,3.0,2.0,9e-06,0.4,2.5e-05,1.5,SAC405,SAC105,SAC405
113,0.001136199221946299,0.33092886209487915,5.33285665512085,-0.07094866782426834,0.01500514056533575,-91.5499999999999,443,0.013718674248875304,-0.16059609340203745,0.001136199221946299,0.33092886209487915,5.33285665512085,-0.07094866782426834,0.01500514056533575,0.25,0.04,0.125,3.0,2.0,9e-06,0.4,2.5e-05,1.5,SAC405,SAC105,SAC405
483,0.0075342790223658085,0.015226848423480988,5.46573543548584,-0.06849946081638336,0.043981943279504776,-96.44999999999925,444,0.013784484448568416,0.09713202559038685,0.0075342790223658085,0.015226848423480988,5.46573543548584,-0.06849946081638336,0.043981943279504776,0.25,0.06,0.125,6.0,2.0,3e-06,0.4,2e-05,1.0,SAC405,SAC205,SAC405
135,0.0017069950699806213,0.24855686724185944,5.2416300773620605,-0.07308359444141388,0.025778796523809433,-96.65000000000049,445,0.0074024033363953405,-0.08409459485543241,0.0017069950699806213,0.24855686724185944,5.2416300773620605,-0.07308359444141388,0.025778796523809433,0.25,0.04,0.125,6.0,2.0,9e-06,0.4,2.5e-05,1.0,SAC405,SAC105,SAC405
209,0.0,0.2951616048812866,5.2416300773620605,-0.07308359444141388,0.025778796523809433,-97.3000000000003,446,0.012277518120403433,-0.1138040804291009,0.0,0.2951616048812866,5.2416300773620605,-0.07308359444141388,0.025778796523809433,0.25,0.04,0.125,6.0,2.0,9e-06,0.4,2.5e-05,1.0,SAC405,SAC105,SAC205
195,2.613552351249382e-05,0.23005792498588562,4.367740154266357,-0.06432527303695679,0.0382046177983284,-97.4000000000002,447,0.010346886636307477,-0.004154300140673666,2.613552351249382e-05,0.23005792498588562,4.367740154266357,-0.06432527303695679,0.0382046177983284,0.25,0.06,0.125,3.0,1.0,6e-06,0.4,3e-05,1.0,SAC205,SAC105,SAC405
179,0.0005304431542754173,0.18728326261043549,5.483338832855225,-0.07800125330686569,0.04802752658724785,-100.4999999999996,448,0.006857886209818247,-0.014736049314154984,0.0005304431542754173,0.18728326261043549,5.483338832855225,-0.07800125330686569,0.04802752658724785,0.25,0.06,0.125,6.0,2.0,6e-06,0.4,2.5e-05,1.0,SAC205,SAC205,SAC405
392,0.0,0.371795117855072,4.605135440826416,-0.06677959114313126,0.015651442110538483,-101.0499999999999,449,0.0004484112119289117,-0.1560182263193795,0.0,0.371795117855072,4.605135440826416,-0.06677959114313126,0.015651442110538483,0.25,0.06,0.125,3.0,2.0,9e-06,0.4,3e-05,1.0,SAC105,SAC105,SAC305
460,0.003221942111849785,0.24848772585391998,4.5544257164001465,-0.06832166016101837,0.01996748149394989,-101.20000000000084,450,-0.010823993150323029,-0.06805775562870192,0.003221942111849785,0.24848772585391998,4.5544257164001465,-0.06832166016101837,0.01996748149394989,0.25,0.06,0.125,3.0,2.0,9e-06,0.4,2.5e-05,1.0,SAC205,SAC105,SAC405
140,0.013525514863431454,0.027249010279774666,4.457454204559326,-0.0588221400976181,0.022639203816652298,-101.39999999999941,451,-0.027399306349820827,0.0892967215358438,0.013525514863431454,0.027249010279774666,4.457454204559326,-0.0588221400976181,0.022639203816652298,0.25,0.06,0.125,3.0,2.0,3e-06,0.4,2e-05,1.0,SAC305,SAC105,SAC405
301,0.0,0.31384146213531494,5.2616658210754395,-0.06725841760635376,0.011133811436593533,-101.49999999999949,452,0.03744509387864265,-0.14598845465969335,0.0,0.31384146213531494,5.2616658210754395,-0.06725841760635376,0.011133811436593533,0.25,0.04,0.125,3.0,2.0,6e-06,0.4,2.5e-05,1.0,SAC105,SAC105,SAC405
234,0.0,0.35602205991744995,5.244747161865234,-0.07029197365045547,0.010689104907214642,-102.09999999999974,453,0.02002313461187813,-0.1813485649223338,0.0,0.35602205991744995,5.244747161865234,-0.07029197365045547,0.010689104907214642,0.25,0.04,0.125,3.0,2.0,9e-06,0.4,3e-05,1.0,SAC105,SAC105,SAC405
25,0.0,0.35602205991744995,5.244747161865234,-0.07029197365045547,0.010689104907214642,-102.09999999999974,454,0.02002313461187813,-0.1813485649223338,0.0,0.35602205991744995,5.244747161865234,-0.07029197365045547,0.010689104907214642,0.25,0.04,0.125,3.0,2.0,9e-06,0.4,3e-05,1.0,SAC105,SAC105,SAC405
97,0.004817964509129524,0.10749740153551102,4.7150421142578125,-0.07161282002925873,0.04756009578704834,-104.10000000000025,455,-0.01965580085847835,0.06352948577583575,0.004817964509129524,0.10749740153551102,4.7150421142578125,-0.07161282002925873,0.04756009578704834,0.25,0.06,0.125,6.0,1.5,9e-06,0.4,2e-05,1.0,SAC205,SAC105,SAC405
452,0.0,0.33302319049835205,4.5544257164001465,-0.06832166016101837,0.01996748149394989,-107.2500000000004,456,-0.0014891318718887965,-0.12128029382458713,0.0,0.33302319049835205,4.5544257164001465,-0.06832166016101837,0.01996748149394989,0.25,0.06,0.125,3.0,2.0,9e-06,0.4,2.5e-05,1.5,SAC105,SAC105,SAC405
290,0.0016014310531318188,0.33360931277275085,4.855262756347656,-0.06722874194383621,0.0068177729845047,-107.39999999999998,457,0.008998759056893142,-0.1566457086181138,0.0016014310531318188,0.33360931277275085,4.855262756347656,-0.06722874194383621,0.0068177729845047,0.25,0.04,0.125,3.0,2.0,6e-06,0.4,3e-05,1.0,SAC105,SAC105,SAC405
282,0.004532794468104839,0.14120148122310638,5.236481189727783,-0.07093974202871323,0.03008691407740116,-108.60000000000093,458,0.008332414362241157,-0.005329974226227357,0.004532794468104839,0.14120148122310638,5.236481189727783,-0.07093974202871323,0.03008691407740116,0.25,0.04,0.125,6.0,2.0,6e-06,0.4,2e-05,1.0,SAC205,SAC105,SAC405
384,0.003812219947576523,0.10564249008893967,4.698059558868408,-0.07057352364063263,0.04840577766299248,-108.80000000000035,459,-0.009606866702323351,0.06872594454317678,0.003812219947576523,0.10564249008893967,4.698059558868408,-0.07057352364063263,0.04840577766299248,0.25,0.06,0.125,3.0,1.0,9e-06,0.4,2e-05,1.0,SAC205,SAC105,SAC405
459,0.0010892020072788,0.1743655800819397,6.442565441131592,-0.07089150696992874,0.019983312115073204,-110.70000000000107,460,0.07973460523426747,-0.07840679842606353,0.0010892020072788,0.1743655800819397,6.442565441131592,-0.07089150696992874,0.019983312115073204,0.5,0.04,0.125,3.0,2.0,9e-06,0.4,2e-05,1.0,SAC405,SAC105,SAC405
207,0.0002976635005325079,0.147194966673851,5.721481800079346,-0.08128020912408829,0.05190429463982582,-113.59999999999997,461,0.012283617515251003,0.004571198290267373,0.0002976635005325079,0.147194966673851,5.721481800079346,-0.08128020912408829,0.05190429463982582,0.25,0.06,0.125,6.0,2.0,9e-06,0.4,2e-05,1.5,SAC205,SAC205,SAC405
286,0.0,0.22607505321502686,5.45599365234375,-0.07561970502138138,0.03171549364924431,-114.30000000000001,462,0.021108157032177933,-0.06747236195861184,0.0,0.22607505321502686,5.45599365234375,-0.07561970502138138,0.03171549364924431,0.25,0.06,0.125,3.0,2.0,6e-06,0.4,2.5e-05,1.0,SAC205,SAC205,SAC405
186,0.0,0.23312613368034363,5.41132926940918,-0.07561970502138138,0.02936539798974991,-116.40000000000003,463,0.01980161385854149,-0.07542166225945232,0.0,0.23312613368034363,5.41132926940918,-0.07561970502138138,0.02936539798974991,0.25,0.06,0.125,3.0,1.5,6e-06,0.4,2.5e-05,1.0,SAC305,SAC205,SAC405
347,0.0013771634548902512,0.06844136863946915,6.303035259246826,-0.06012788414955139,0.02881363220512867,-117.65000000000043,464,0.11700054779298023,0.0304719457062203,0.0013771634548902512,0.06844136863946915,6.303035259246826,-0.06012788414955139,0.02881363220512867,0.5,0.06,0.125,3.0,1.0,3e-06,0.4,2e-05,1.0,SAC405,SAC205,SAC205
397,0.0013771634548902512,0.06844136863946915,6.303035259246826,-0.06012788414955139,0.02881363220512867,-117.65000000000043,465,0.11700054779298023,0.0304719457062203,0.0013771634548902512,0.06844136863946915,6.303035259246826,-0.06012788414955139,0.02881363220512867,0.5,0.06,0.125,3.0,1.0,3e-06,0.4,2e-05,1.0,SAC405,SAC205,SAC205
339,0.0007074892055243254,0.20146214962005615,5.443033218383789,-0.07396146655082703,0.029245370998978615,-120.05000000000052,466,0.02607067862480878,-0.05395829658945289,0.0007074892055243254,0.20146214962005615,5.443033218383789,-0.07396146655082703,0.029245370998978615,0.25,0.04,0.125,6.0,1.5,9e-06,0.4,2e-05,2.0,SAC205,SAC105,SAC405
78,0.0027826044242829084,0.08712305128574371,4.413382053375244,-0.05887056514620781,0.04041760042309761,-121.00000000000091,467,0.030746843616374933,0.09286601122220985,0.0027826044242829084,0.08712305128574371,4.413382053375244,-0.05887056514620781,0.04041760042309761,0.25,0.06,0.125,3.0,1.0,3e-06,0.4,2e-05,1.0,SAC405,SAC105,SAC105
259,0.0027826044242829084,0.08712305128574371,4.413382053375244,-0.05887056514620781,0.04041760042309761,-121.00000000000091,468,0.030746843616374933,0.09286601122220985,0.0027826044242829084,0.08712305128574371,4.413382053375244,-0.05887056514620781,0.04041760042309761,0.25,0.06,0.125,3.0,1.0,3e-06,0.4,2e-05,1.0,SAC405,SAC105,SAC105
456,0.001086174277588725,0.08508460968732834,4.51829719543457,-0.06859109550714493,0.06088057532906532,-121.90000000000128,469,0.006242798925658877,0.11521294574787036,0.001086174277588725,0.08508460968732834,4.51829719543457,-0.06859109550714493,0.06088057532906532,0.25,0.06,0.125,6.0,1.5,6e-06,0.4,2e-05,1.0,SAC205,SAC105,SAC405
496,0.0,0.22607505321502686,4.460129261016846,-0.06490977108478546,0.027660831809043884,-122.95000000000033,470,0.019956616837467835,-0.028008982220994807,0.0,0.22607505321502686,4.460129261016846,-0.06490977108478546,0.027660831809043884,0.25,0.06,0.125,3.0,1.5,6e-06,0.4,2.5e-05,1.0,SAC205,SAC105,SAC405
461,0.0,0.08322965353727341,6.348812580108643,-0.0780365914106369,0.049748849123716354,-123.94999999999953,471,0.05894568978485901,0.028110085200788972,0.0,0.08322965353727341,6.348812580108643,-0.0780365914106369,0.049748849123716354,0.25,0.06,0.125,3.0,1.5,6e-06,0.4,2e-05,1.0,SAC205,SAC305,SAC405
377,0.0,0.08322965353727341,6.348812580108643,-0.0780365914106369,0.049748849123716354,-123.94999999999953,472,0.05894568978485901,0.028110085200788972,0.0,0.08322965353727341,6.348812580108643,-0.0780365914106369,0.049748849123716354,0.25,0.06,0.125,3.0,1.5,6e-06,0.4,2e-05,1.0,SAC205,SAC305,SAC405
260,0.0,0.22607505321502686,4.462284088134766,-0.06463140994310379,0.02690008282661438,-124.00000000000045,473,0.021347985721056107,-0.029105768910393976,0.0,0.22607505321502686,4.462284088134766,-0.06463140994310379,0.02690008282661438,0.25,0.06,0.125,3.0,2.0,6e-06,0.4,2.5e-05,1.0,SAC205,SAC105,SAC405
489,0.0,0.22607505321502686,4.462284088134766,-0.06463140994310379,0.02690008282661438,-124.00000000000045,474,0.021347985721056107,-0.029105768910393976,0.0,0.22607505321502686,4.462284088134766,-0.06463140994310379,0.02690008282661438,0.25,0.06,0.125,3.0,2.0,6e-06,0.4,2.5e-05,1.0,SAC205,SAC105,SAC405
433,0.0,0.1777496337890625,5.570812225341797,-0.07307278364896774,0.031305089592933655,-125.95000000000061,475,0.04140327777943263,-0.0367286867065671,0.0,0.1777496337890625,5.570812225341797,-0.07307278364896774,0.031305089592933655,0.25,0.04,0.125,3.0,1.0,9e-06,0.4,2e-05,1.0,SAC405,SAC105,SAC405
321,0.0013771634548902512,0.06844136863946915,5.015348434448242,-0.05480906367301941,0.03799552470445633,-127.0000000000017,476,0.07965685483484922,0.09300921186469834,0.0013771634548902512,0.06844136863946915,5.015348434448242,-0.05480906367301941,0.03799552470445633,0.5,0.06,0.125,3.0,1.5,3e-06,0.4,2e-05,1.0,SAC405,SAC105,SAC205
12,0.0013771634548902512,0.06844136863946915,5.010900497436523,-0.054284580051898956,0.03723477944731712,-127.75000000000159,477,0.0815290668994112,0.09256753789607519,0.0013771634548902512,0.06844136863946915,5.010900497436523,-0.054284580051898956,0.03723477944731712,0.5,0.06,0.125,3.0,2.0,3e-06,0.4,2e-05,1.0,SAC405,SAC105,SAC205
122,0.0013771634548902512,0.06844136863946915,5.010900497436523,-0.054284580051898956,0.03723477944731712,-127.75000000000159,478,0.0815290668994112,0.09256753789607519,0.0013771634548902512,0.06844136863946915,5.010900497436523,-0.054284580051898956,0.03723477944731712,0.5,0.06,0.125,3.0,2.0,3e-06,0.4,2e-05,1.0,SAC405,SAC105,SAC205
92,2.613552351249382e-05,0.23005792498588562,4.27832555770874,-0.063716359436512,0.022584043443202972,-133.05000000000047,479,0.01945561520041394,-0.0338172818476208,2.613552351249382e-05,0.23005792498588562,4.27832555770874,-0.063716359436512,0.022584043443202972,0.25,0.06,0.125,3.0,2.0,6e-06,0.4,3e-05,1.0,SAC205,SAC105,SAC405
79,2.613552351249382e-05,0.23005792498588562,4.27832555770874,-0.063716359436512,0.022584043443202972,-133.05000000000047,480,0.01945561520041394,-0.0338172818476208,2.613552351249382e-05,0.23005792498588562,4.27832555770874,-0.063716359436512,0.022584043443202972,0.25,0.06,0.125,3.0,2.0,6e-06,0.4,3e-05,1.0,SAC205,SAC105,SAC405
127,0.0,0.11196281760931015,6.41330099105835,-0.07171745598316193,0.029313599690794945,-134.35000000000088,481,0.08774641126373042,-0.02094692913243729,0.0,0.11196281760931015,6.41330099105835,-0.07171745598316193,0.029313599690794945,0.5,0.06,0.125,3.0,1.5,6e-06,0.4,2e-05,1.0,SAC205,SAC205,SAC405
240,0.005114101339131594,0.06948069483041763,5.451836585998535,-0.06136982887983322,0.012512988410890102,-135.65000000000003,482,0.06232301148961484,0.012648692562570674,0.005114101339131594,0.06948069483041763,5.451836585998535,-0.06136982887983322,0.012512988410890102,0.25,0.04,0.125,3.0,1.0,3e-06,0.4,2e-05,1.0,SAC405,SAC105,SAC405
408,0.001086174277588725,0.08508460968732834,5.411522388458252,-0.07889524847269058,0.05492175370454788,-137.80000000000013,483,0.011533899543444876,0.05854584577514088,0.001086174277588725,0.08508460968732834,5.411522388458252,-0.07889524847269058,0.05492175370454788,0.25,0.06,0.125,6.0,1.5,6e-06,0.4,2e-05,1.0,SAC205,SAC205,SAC405
436,0.001086174277588725,0.08508460968732834,5.411522388458252,-0.07889524847269058,0.05492175370454788,-137.80000000000013,484,0.011533899543444876,0.05854584577514088,0.001086174277588725,0.08508460968732834,5.411522388458252,-0.07889524847269058,0.05492175370454788,0.25,0.06,0.125,6.0,1.5,6e-06,0.4,2e-05,1.0,SAC205,SAC205,SAC405
265,0.0,0.08322965353727341,5.376841068267822,-0.07781846821308136,0.05647292360663414,-138.45000000000005,485,0.02088855773066644,0.06565765356627161,0.0,0.08322965353727341,5.376841068267822,-0.07781846821308136,0.05647292360663414,0.25,0.06,0.125,3.0,1.0,6e-06,0.4,2e-05,1.0,SAC205,SAC205,SAC405
482,0.0030128122307360172,0.06708360463380814,5.343994140625,-0.0664500743150711,0.031356941908597946,-138.55000000000126,486,0.0483646408655096,0.04575459340455211,0.0030128122307360172,0.06708360463380814,5.343994140625,-0.0664500743150711,0.031356941908597946,0.25,0.06,0.125,3.0,1.0,3e-06,0.4,2e-05,1.0,SAC405,SAC205,SAC205
267,0.0025200298987329006,0.14213450253009796,5.46183967590332,-0.06118110567331314,0.0027415668591856956,-138.8000000000008,487,0.07637607524069163,-0.04862831267025384,0.0025200298987329006,0.14213450253009796,5.46183967590332,-0.06118110567331314,0.0027415668591856956,0.25,0.04,0.125,3.0,1.5,3e-06,0.4,2e-05,1.0,SAC405,SAC105,SAC205
341,0.0025200298987329006,0.14213450253009796,5.4633684158325195,-0.06144915148615837,0.0019808216020464897,-140.3500000000007,488,0.0760075912590411,-0.05066770494625126,0.0025200298987329006,0.14213450253009796,5.4633684158325195,-0.06144915148615837,0.0019808216020464897,0.25,0.04,0.125,3.0,2.0,3e-06,0.4,2e-05,1.0,SAC405,SAC105,SAC205
450,0.005114101339131594,0.06948069483041763,5.4633684158325195,-0.06144915148615837,0.0019808216020464897,-150.75000000000009,489,0.06806138114593893,-0.009515612752646074,0.005114101339131594,0.06948069483041763,5.4633684158325195,-0.06144915148615837,0.0019808216020464897,0.25,0.04,0.125,3.0,2.0,3e-06,0.4,2e-05,1.0,SAC405,SAC105,SAC405
427,0.006183995399624109,0.01337191928178072,5.403934478759766,-0.06668002158403397,0.016689373180270195,-163.94999999999956,490,0.0437855272895604,0.04191370703418437,0.006183995399624109,0.01337191928178072,5.403934478759766,-0.06668002158403397,0.016689373180270195,0.25,0.06,0.125,3.0,2.0,3e-06,0.4,2e-05,1.0,SAC405,SAC205,SAC405
334,0.0030128122307360172,0.06708360463380814,4.457454204559326,-0.0588221400976181,0.022639203816652298,-165.70000000000084,491,0.044484273742827964,0.06259668565899378,0.0030128122307360172,0.06708360463380814,4.457454204559326,-0.0588221400976181,0.022639203816652298,0.25,0.06,0.125,3.0,2.0,3e-06,0.4,2e-05,1.0,SAC405,SAC105,SAC205
326,0.0,0.11578827351331711,5.310910224914551,-0.07046099752187729,0.02819041907787323,-167.25000000000148,492,0.051393439509578934,0.0043136058667779505,0.0,0.11578827351331711,5.310910224914551,-0.07046099752187729,0.02819041907787323,0.5,0.06,0.125,3.0,1.5,9e-06,0.4,2e-05,1.0,SAC405,SAC105,SAC205
266,0.006183995399624109,0.01337191928178072,5.319097995758057,-0.06641197204589844,0.014339281246066093,-170.5499999999997,493,0.042985390428052064,0.039398451449452976,0.006183995399624109,0.01337191928178072,5.319097995758057,-0.06641197204589844,0.014339281246066093,0.25,0.06,0.125,3.0,1.5,3e-06,0.4,2e-05,1.0,SAC405,SAC205,SAC405
154,0.00020307097292970866,0.14582130312919617,5.363006114959717,-0.0692705437541008,0.009730910882353783,-178.35000000000144,494,0.060851170262117005,-0.04847038270122598,0.00020307097292970866,0.14582130312919617,5.363006114959717,-0.0692705437541008,0.009730910882353783,0.25,0.04,0.125,3.0,2.0,6e-06,0.4,2e-05,1.0,SAC205,SAC105,SAC405
160,0.00020307097292970866,0.14582130312919617,5.363006114959717,-0.0692705437541008,0.009730910882353783,-178.35000000000144,495,0.060851170262117005,-0.04847038270122598,0.00020307097292970866,0.14582130312919617,5.363006114959717,-0.0692705437541008,0.009730910882353783,0.25,0.04,0.125,3.0,2.0,6e-06,0.4,2e-05,1.0,SAC205,SAC105,SAC405
344,0.0,0.08322965353727341,4.521341800689697,-0.0669218972325325,0.031150029972195625,-193.9000000000014,496,0.03774171088638112,0.05264058851623823,0.0,0.08322965353727341,4.521341800689697,-0.0669218972325325,0.031150029972195625,0.25,0.06,0.125,3.0,1.5,6e-06,0.4,2e-05,1.0,SAC205,SAC105,SAC405
332,0.0,0.08322965353727341,4.501843452453613,-0.06664353609085083,0.03038928285241127,-194.90000000000134,497,0.038292614498546956,0.05203719952830518,0.0,0.08322965353727341,4.501843452453613,-0.06664353609085083,0.03038928285241127,0.25,0.06,0.125,3.0,2.0,6e-06,0.4,2e-05,1.0,SAC205,SAC105,SAC405
183,0.0,0.08322965353727341,5.351944923400879,-0.07735961675643921,0.0321999192237854,-196.44999999999956,498,0.03596264121626453,0.015478811904985144,0.0,0.08322965353727341,5.351944923400879,-0.07735961675643921,0.0321999192237854,0.25,0.06,0.125,3.0,1.5,6e-06,0.4,2e-05,1.0,SAC205,SAC205,SAC405
422,0.0,0.11515805125236511,4.698244571685791,-0.07011467218399048,0.021916357800364494,-201.25000000000108,499,0.03516297368637466,0.0068427543425909395,0.0,0.11515805125236511,4.698244571685791,-0.07011467218399048,0.021916357800364494,0.25,0.06,0.125,3.0,1.5,9e-06,0.4,2e-05,1.0,SAC405,SAC105,SAC405
131,0.0,0.11515805125236511,4.624631881713867,-0.06983631104230881,0.02115561068058014,-205.0500000000012,500,0.03393012174302258,0.007536831045902303,0.0,0.11515805125236511,4.624631881713867,-0.06983631104230881,0.02115561068058014,0.25,0.06,0.125,3.0,2.0,9e-06,0.4,2e-05,1.0,SAC405,SAC105,SAC405
